Report ID,Report Version,Reporting Entity,Report Type,Report Month,Report Year,Report Submission Date,VIN,VIN - Unknown,Serial Number,Make,Model,Model - Unknown,Model Year,Model Year - Unknown,Same Vehicle ID,Mileage,Mileage - Unknown,Driver / Operator Type,ADAS/ADS System Version,ADAS/ADS System Version - Unk,ADAS/ADS System Version CBI,ADAS/ADS Hardware Version,ADAS/ADS Hardware Version - Unk,ADAS/ADS Hardware Version CBI,ADAS/ADS Software Version,ADAS/ADS Software Version - Unk,ADAS/ADS Software Version CBI,Other Reporting Entities?,Other Reporting Entities? - Unk,Other Reporting Entities? - NA,Federal Regulatory Exemption?,Other Federal Reg. Exemption,Federal Reg. Exemption - Unk,Federal Reg. Exemption - No,State or Local Permit?,State or Local Permit,ADS Equipped?,Automation System Engaged?,Operating Entity,Operating Entity - Unknown,Source - Complaint/Claim,Source - Telematics,Source - Law Enforcement,Source - Field Report,Source - Testing,Source - Media,Source - Other,Source - Other Text,Incident Date,Incident Date - Unknown,Notice Received Date,Incident Time (24:00),Incident Time - Unknown,Same Incident ID,Latitude,Latitude - Unknown,Longitude,Longitude - Unknown,Address,Address - Unknown,City,City - Unknown,State,Zip Code,Zip Code - Unknown,Roadway Type,Roadway Surface,Roadway Description,Posted Speed Limit (MPH),Posted Speed Limit - Unknown,Lighting,Weather - Clear,Weather - Snow,Weather - Cloudy,Weather - Fog/Smoke,Weather - Rain,Weather - Severe Wind,Weather - Unknown,Weather - Other,Weather - Other Text,Crash With,Highest Injury Severity Alleged,Property Damage?,CP Pre-Crash Movement,CP Any Air Bags Deployed?,CP Was Vehicle Towed?,CP Contact Area - Rear Left,CP Contact Area - Left,CP Contact Area - Front Left,CP Contact Area - Rear,CP Contact Area - Top,CP Contact Area - Front,CP Contact Area - Rear Right,CP Contact Area - Right,CP Contact Area - Front Right,CP Contact Area - Bottom,CP Contact Area - Unknown,SV Pre-Crash Movement,SV Any Air Bags Deployed?,SV Was Vehicle Towed?,SV Were All Passengers Belted?,SV Precrash Speed (MPH),SV Pre-crash Speed - Unknown,SV Contact Area - Rear Left,SV Contact Area - Left,SV Contact Area - Front Left,SV Contact Area - Rear,SV Contact Area - Top,SV Contact Area - Front,SV Contact Area - Rear Right,SV Contact Area - Right,SV Contact Area - Front Right,SV Contact Area - Bottom,SV Contact Area - Unknown,Data Availability - EDR,Data Availability - Police Rpt,Data Availability - Telematics,Data Availability - Complaints,Data Availability - Video,Data Availability - Other,Data Availability - No Data,Data Availability - Unknown,Law Enforcement Investigating?,Investigating Agency,Investigating Agency - Unknown,Rep Ent Or Mfr Investigating?,Investigating Officer Name,Inv. Officer Name - Unknown,Investigating Officer Phone,Inv. Officer Phone - Unknown,Investigating Officer Email,Inv. Officer Email - Unknown,Within ODD?,Within ODD? - CBI,Narrative,Narrative - CBI?
30270-10602,1,Waymo LLC,Monthly,4,2025,MAY-2025,SADHW2S16R1, ,N/A,Jaguar,I-PACE, ,2024, ,de56029a676ce2f,32608, ,None,5th Generation ADS, , ,5th Generation, , ,Version 9, , ,, ,Y,,, ,Y,Yes (specify below),"CA DMV, CA PUC",Yes,ADS,Waymo LLC, , ,Y, , , , , ,,APR-2025, ,APR-2025,01:29, ,3e5d99121245470,[MAY CONTAIN PERSONALLY IDENTIFIABLE INFORMATION], ,[MAY CONTAIN PERSONALLY IDENTIFIABLE INFORMATION], ,[MAY CONTAIN PERSONALLY IDENTIFIABLE INFORMATION], ,San Francisco, ,CA ,[MAY CONTAIN PERSONALLY IDENTIFIABLE INFORMATION], ,Street,Dry,No Unusual Conditions,25, ,Dark - Lighted,Y, , , , , , , ,,"Other, see Narrative",No Injuries Reported,Yes,"Other, see Narrative",Not Applicable,Not Applicable, , , , , , , , , , ,Y,Proceeding Straight,No,No,Yes,5, , , , , , ,Y, , ,Y, , , , ,Y, ,Y,Y, , ,No,, ,Yes,, ,, ,, ,Yes, ,"On April [XXX], 2025 at 1:29 AM PT a Waymo Autonomous Vehicle (""Waymo AV"") operating in San Francisco, California was in a collision involving a non-powered cord on [XXX] at [XXX]. 
The Waymo AV was traveling southbound on [XXX] when the front of the Waymo AV made contact with a cord that was draped across the roadway and attached to a plastic chair in the opposing lane. At the time of the impact, the Waymo AV's Level 4 ADS was engaged in autonomous mode. The Waymo AV sustained damage.
Waymo is reporting this crash under Request No. 2 of Standing General Order 2021-01. Waymo may supplement or correct its reporting with additional information as it may become available.",
30270-10727,1,Waymo LLC,Monthly,4,2025,MAY-2025,SADHW2S14R1, ,N/A,Jaguar,I-Pace, ,2024, ,58fc028660eda5f,35114, ,None,5th Generation ADS, , ,5th Generation, , ,Version 9, , ,, ,Y,,, ,Y,Yes (specify below),"CA DMV, CA PUC",Yes,ADS,Waymo LLC, , ,Y, , , , , ,,FEB-2025, ,APR-2025,06:11, ,d60f0a7874550b0,[MAY CONTAIN PERSONALLY IDENTIFIABLE INFORMATION], ,[MAY CONTAIN PERSONALLY IDENTIFIABLE INFORMATION], ,[MAY CONTAIN PERSONALLY IDENTIFIABLE INFORMATION], ,San Francisco, ,CA ,[MAY CONTAIN PERSONALLY IDENTIFIABLE INFORMATION], ,Street,Dry,No Unusual Conditions,30, ,Dark - Lighted,Y, , , , , , , ,,"Other, see Narrative",No Injuries Reported,No,"Other, see Narrative",Not Applicable,Not Applicable, , , , , , , , , , ,Y,Proceeding Straight,No,No,No Passengers in Vehicle,19, , , , , , , , , ,Y, , , , ,Y, ,Y,Y, , ,No,, ,Yes,, ,, ,, ,Yes, ,"On February [XXX], 2025 at 6:11 AM PT a Waymo Autonomous Vehicle (""Waymo AV"") operating in San Francisco was in a collision involving debris on [XXX] near [XXX]. 
The Waymo AV was traveling northbound in the leftmost lane on [XXX] when the front passenger side tire of the Waymo AV made contact with a piece of debris that was in the roadway, causing the Waymo AV to slow to a stop. The passenger car traveling directly behind the Waymo AV also slowed to a stop, causing a second passenger car traveling behind the first passenger car to also slow. While the second passenger car was slowing, a third passenger car traveling behind the second passenger car began to merge into the center lane and the front driver side of the third passenger car made contact with the rear passenger side of the second passenger car. At the time of the impact, the Waymo AV's Level 4 ADS was engaged in autonomous mode. The second and third passenger cars sustained damage. 
Waymo is reporting this crash under Request No. 2 of Standing General Order 2021-01. Waymo may supplement or correct its reporting with additional information as it may become available.",
30610-10711,1,"Zoox, Inc.",1-Day,,,MAY-2025,7Z00XVHX7RK, ,N/A,Zoox,sedan, ,2024, ,0c73c4fc3c11efd,12779, ,None,B322.25.05.08, , ,B322.25.05.08, , ,B322.25.05.08, , ,, ,Y,,, ,Y,Yes (specify below),CA DMV AVT Permit,Yes,ADS,Zoox, , , , ,Y,Y, , ,,MAY-2025, ,MAY-2025,19:53, ,b7ad401221e8988,[MAY CONTAIN PERSONALLY IDENTIFIABLE INFORMATION], ,[MAY CONTAIN PERSONALLY IDENTIFIABLE INFORMATION], ,[MAY CONTAIN PERSONALLY IDENTIFIABLE INFORMATION], ,San Francisco, ,CA ,[MAY CONTAIN PERSONALLY IDENTIFIABLE INFORMATION], ,Street,Dry,No Unusual Conditions,25, ,Daylight,Y, , , , , , , ,,"Other, see Narrative",Minor,No,Proceeding Straight,Not Applicable,No, , , , , ,Y, , , , , ,Making Right Turn,No,No,No Passengers in Vehicle,0, , , , , , , ,Y, , , , , , ,Y, ,Y, , , ,No,, ,Yes,, ,, ,, ,Yes, ,"An unoccupied Zoox vehicle in autonomous mode was traveling south on [XXX], slowing and preparing to make a right turn onto [XXX] in San Francisco. At that time, an approaching e-scooterist was also traveling south on [XXX] in the curb lane offset from the Zoox vehicle. The Zoox vehicle braked to a stop as the e-scooterist was beginning to enter the intersection. The e-scooterist then made contact with the right rear side of the stopped Zoox vehicle, and the e-scooterist fell to the ground next to the Zoox vehicle. The Zoox vehicle then started to move and completed the right turn onto [XXX], coming to a stop a short distance down [XXX]. The e-scooterist then walked themself and the e-scooter over to the sidewalk, where they were met by a member of the Zoox operations team, and they reported ""[REDACTED, MAY CONTAIN CONFIDENTIAL BUSINESS INFORMATION] chipped tooth and jaw pain."" The e-scooterist declined medical attention and rode their e-scooter from the scene after exchanging information. There was no damage to the Zoox vehicle and the police were not called.",
30270-10563,1,Waymo LLC,5-Day,,,APR-2025,SADHW2S13R1, ,N/A,Jaguar,I-Pace, ,2024, ,5ee26dfcd048807,33012, ,None,5th Generation ADS, , ,5th Generation, , ,Version 9, , ,, ,Y,,, ,Y,Yes (specify below),"CA DMV, CA PUC",Yes,ADS,Waymo LLC, , ,Y, , , , , ,,MAR-2025, ,MAR-2025,08:49, ,622ea0e82c437fd,[MAY CONTAIN PERSONALLY IDENTIFIABLE INFORMATION], ,[MAY CONTAIN PERSONALLY IDENTIFIABLE INFORMATION], ,[MAY CONTAIN PERSONALLY IDENTIFIABLE INFORMATION], ,Los Angeles, ,CA ,[MAY CONTAIN PERSONALLY IDENTIFIABLE INFORMATION], ,Street,Dry,No Unusual Conditions,30, ,Daylight,Y, , , , , , , ,,"Other, see Narrative",No Injuries Reported,Yes,"Other, see Narrative",Not Applicable,Not Applicable, , , , , , , , , , ,Y,Proceeding Straight,No,Yes,Yes,28, , , , , ,Y, , , , , , , , ,Y, ,Y,Y, , ,No,, ,Yes,, ,, ,, ,Yes, ,"On March [XXX], 2025 at 8:49 AM PT a Waymo Autonomous Vehicle (""Waymo AV"") operating in Los Angeles, CA was in a collision involving a tree branch on [XXX] near [XXX]. 
The Waymo AV was traveling northwestbound on [XXX] when it approached a section of the roadway where the branches of a tree were situated directly above the Waymo AV's lane of travel. As the Waymo AV proceeded under the tree, a branch broke off and fell into the path of the Waymo AV, making contact with the hood and front driver side of the Waymo AV. At the time of the impact, the Waymo AV's Level 4 ADS was engaged in autonomous mode. The Waymo AV and the tree branch sustained damage.
Waymo is reporting this crash under Request No. 1 of Standing General Order 2021-01 because a vehicle involved was towed away. Waymo may supplement or correct its reporting with additional information as it may become available.",
30270-10421,1,Waymo LLC,Monthly,3,2025,APR-2025,SADHW2S17R1, ,N/A,Jaguar,I-PACE, ,2024, ,63253074c9e64f2,46124, ,None,5th Generation ADS, , ,5th Generation, , ,Version 9, , ,, ,Y,,, ,Y,Yes (specify below),"CA DMV, CA PUC",Yes,ADS,Waymo LLC, , ,Y, , , , , ,,MAR-2025, ,MAR-2025,00:11, ,bc3ae4369651c8d,[MAY CONTAIN PERSONALLY IDENTIFIABLE INFORMATION], ,[MAY CONTAIN PERSONALLY IDENTIFIABLE INFORMATION], ,[MAY CONTAIN PERSONALLY IDENTIFIABLE INFORMATION], ,Los Angeles, ,CA ,[MAY CONTAIN PERSONALLY IDENTIFIABLE INFORMATION], ,Street,Dry,No Unusual Conditions,25, ,Dark - Lighted,Y, , , , , , , ,,"Other, see Narrative",No Injuries Reported,Yes,"Other, see Narrative",Not Applicable,Not Applicable, , , , , , , , , , ,Y,Proceeding Straight,No,No,No Passengers in Vehicle,11, , , , , , ,Y, , , , , , , ,Y, ,Y,Y, , ,No,, ,Yes,, ,, ,, ,Yes, ,"On March [XXX], 2025 at 12:11 AM PT a Waymo Autonomous Vehicle (""Waymo AV"") operating in Los Angeles, California was in a collision involving a remote controlled robot on [XXX] near [XXX]. 
The Waymo AV was traveling northwest on [XXX]  when a personal remote controlled toy robot entered the roadway from between a row of bikes on a bike rack on the right-hand side of [XXX], and the front of the Waymo AV made contact with the remote controlled robot. At the time of the impact, the Waymo AV's Level 4 ADS was engaged in autonomous mode. The robot sustained damage.
Waymo is reporting this crash under Request No. 2 of Standing General Order 2021-01. Waymo may supplement or correct its reporting with additional information as it may become available.",
30270-10288,1,Waymo LLC,5-Day,,,MAR-2025,SADHW2S1XM1, ,N/A,Jaguar,I-Pace, ,2021, ,39cc9faced8effe,127084, ,In-Vehicle (Commercial / Test),5th Generation ADS, , ,5th Generation, , ,Version 10, , ,Transdev Alternative Services, , ,,, ,Y,Yes (specify below),"CA DMV, CA PUC",Yes,ADS,Waymo LLC, , ,Y, , , , , ,,MAR-2025, ,MAR-2025,15:17, ,d6961ff52ac2e77,[MAY CONTAIN PERSONALLY IDENTIFIABLE INFORMATION], ,[MAY CONTAIN PERSONALLY IDENTIFIABLE INFORMATION], ,[MAY CONTAIN PERSONALLY IDENTIFIABLE INFORMATION], ,San Bernardino, ,CA ,[MAY CONTAIN PERSONALLY IDENTIFIABLE INFORMATION], ,Parking Lot,Wet,"Other, see Narrative",15, ,Daylight, , , , ,Y, , , ,,"Other, see Narrative",No Injuries Reported,Yes,"Other, see Narrative",Not Applicable,Not Applicable, , , , , , , , , , ,Y,Proceeding Straight,No,Yes,Yes,21, , , , , , ,Y, ,Y, , , , , ,Y, ,Y,Y, , ,No,, ,Yes,, ,, ,, ,Yes, ,"On March [XXX], 2025 at 3:17 PM PT a Waymo Autonomous Vehicle (""Waymo AV"") operating in San Bernardino, California was in a collision involving a portable metal barrier in a parking lot at [XXX]. 
The Waymo AV was in autonomous mode traveling west through a section of a parking lot at [XXX], which was being rented by Waymo for driver training and closed off to the public by portable metal barriers. While the Waymo AV was traveling west, the Waymo AV test driver transitioned to manual mode and began to accelerate forward towards a portal metal barrier separating a section of the parking lot. The test driver then began braking and the front and the passenger side of the Waymo AV made contact with the portable metal barrier. At the time of the impact, the Waymo AV's Level 4 ADS was not engaged and a test driver was operating the Waymo AV in manual mode. The Waymo AV and the metal barrier sustained damage.
Waymo is reporting this crash under Request No. 1 of Standing General Order 2021-01 because a vehicle involved was towed away. Waymo may supplement or correct its reporting with additional information as it may become available.",
30270-10274,1,Waymo LLC,Monthly,2,2025,MAR-2025,SADHW2S12R1, ,N/A,Jaguar,I-Pace, ,2024, ,2fb352addc409a1,23633, ,None,5th Generation ADS, , ,5th Generation, , ,Version 9, , ,, ,Y,,, ,Y,Yes (specify below),"CA DMV, CA PUC",Yes,ADS,Waymo LLC, , ,Y, , , , , ,,FEB-2025, ,FEB-2025,11:38, ,ede37373b4ba5e5,[MAY CONTAIN PERSONALLY IDENTIFIABLE INFORMATION], ,[MAY CONTAIN PERSONALLY IDENTIFIABLE INFORMATION], ,[MAY CONTAIN PERSONALLY IDENTIFIABLE INFORMATION], ,San Francisco, ,CA ,[MAY CONTAIN PERSONALLY IDENTIFIABLE INFORMATION], ,Street,Dry,No Unusual Conditions,25, ,Daylight, , ,Y, , , , , ,,"Other, see Narrative",No Injuries Reported,Yes,Parked,No,No, , , , , , ,Y, , , , ,Changing Lanes,No,No,Yes,4, , , , , , , , , , ,Y, , , ,Y, ,Y,Y, , ,No,, ,Yes,, ,, ,, ,Yes, ,"On February [XXX], 2025 at 11:38 AM PST, a Waymo Autonomous Vehicle (""Waymo AV"") operating in San Francisco, California was in a collision involving an enclosed car carrier trailer on [XXX].
The Waymo AV was stopped facing southeast on [XXX] in the leftmost lane behind a pickup truck towing an enclosed car carrier trailer that was stopped in-lane with its lift gate lowered. The AV began maneuvering to the right to pass the vehicle and the front left tire of the Waymo AV made contact with the rear right corner of the lowered lift gate. At the time of the impact, the Waymo AV's Level 4 ADS was engaged in autonomous mode. The trailer's lift gate sustained damage.
Waymo is reporting this crash under Request No. 2 of Standing General Order 2021-01. Waymo may supplement or correct its reporting with additional information as it may become available.",
30270-10076,1,Waymo LLC,Monthly,2,2025,MAR-2025,SADHW2S10M1, ,N/A,Jaguar,I-PACE, ,2021, ,54438cbdb57334f,62004, ,None,5th Generation ADS, , ,5th Generation, , ,Version 9, , ,, ,Y,,, ,Y,Yes (specify below),"CA DMV, CA PUC",Yes,ADS,Waymo LLC, , ,Y, , , , , ,,FEB-2025, ,FEB-2025,13:49, ,9b6c6e6504c9cd9,[MAY CONTAIN PERSONALLY IDENTIFIABLE INFORMATION], ,[MAY CONTAIN PERSONALLY IDENTIFIABLE INFORMATION], ,[MAY CONTAIN PERSONALLY IDENTIFIABLE INFORMATION], ,San Francisco, ,CA ,[MAY CONTAIN PERSONALLY IDENTIFIABLE INFORMATION], ,Street,Wet,No Unusual Conditions,15, ,Daylight, , , , ,Y, , , ,,"Other, see Narrative",No Injuries Reported,Yes,"Other, see Narrative",Not Applicable,Not Applicable, , , , , , , , , , ,Y,Proceeding Straight,No,No,No Passengers in Vehicle,14, , , , , , ,Y, , , , , , , ,Y, ,Y,Y, , ,No,, ,Yes,, ,, ,, ,Yes, ,"On February [XXX], 2025 at 1:49 PM PT a Waymo Autonomous Vehicle (""Waymo AV"") operating in San Francisco, California was in a collision involving a fallen utility line on the [XXX]. 
The Waymo AV was traveling southwestbound on [XXX] when the front of the Waymo AV made contact with a fallen utility line hanging across both travel lanes. At the time of the impact, the Waymo AV's Level 4 ADS was engaged in autonomous mode. The Waymo AV sustained damage.
Waymo is reporting this crash under Request No. 2 of Standing General Order 2021-01. Waymo may supplement or correct its reporting with additional information as it may become available.",
30270-10007,1,Waymo LLC,5-Day,,,FEB-2025,SADHW2S15R1, ,N/A,Jaguar,I-PACE, ,2024, ,7f139073e4159f7,17312, ,None,5th Generation ADS, , ,5th Generation, , ,Version 9, , ,, ,Y,,, ,Y,Yes (specify below),"CA DMV, CA PUC",Yes,ADS,Waymo LLC, , ,Y, , , , , ,,FEB-2025, ,FEB-2025,01:04, ,198ede2a0f0bc8c,[MAY CONTAIN PERSONALLY IDENTIFIABLE INFORMATION], ,[MAY CONTAIN PERSONALLY IDENTIFIABLE INFORMATION], ,[MAY CONTAIN PERSONALLY IDENTIFIABLE INFORMATION], ,San Francisco, ,CA ,[MAY CONTAIN PERSONALLY IDENTIFIABLE INFORMATION], ,Street,Dry,No Unusual Conditions,25, ,Dark - Lighted,Y, , , , , , , ,,"Other, see Narrative",No Injuries Reported,Yes,Backing,No,No, , , ,Y, , , , , , , ,Parked,No,Yes,No Passengers in Vehicle,0, , , , , , ,Y, , , , , , , ,Y, ,Y,Y, , ,No,, ,Yes,, ,, ,, ,Yes, ,"On February [XXX], 2025 at 1:04 AM PT a Waymo Autonomous Vehicle (""Waymo AV"") operating in San Francisco, California was in a collision involving a motor home on [XXX]. 
The Waymo AV was parked at the curb facing east on [XXX] when a motor home parked in front of the Waymo AV reversed, and the rear of the motor home made contact with the front of the stationary Waymo AV. At the time of the impact, the Waymo AV's Level 4 ADS was engaged in autonomous mode. The Waymo AV sustained damage.
Waymo is reporting this crash under Request No. 1 of Standing General Order 2021-01 because a vehicle involved was towed away. Waymo may supplement or correct its reporting with additional information as it may become available.",
30531-10011,1,Transdev Alternative Services,Monthly,1,2025,FEB-2025,SADHW2S18M1, ,N/A,Jaguar,I-PACE, ,2021, ,134676bfb4c7ba4,134200, ,In-Vehicle (Commercial / Test),5th Generation ADS, , ,5th Generation, , ,Version 9, , ,Waymo LLC, , ,,, ,Y,Yes (specify below),"CA DMV, CA PUC",Yes,ADS,Waymo LLC, , ,Y, , , , , ,,JAN-2025, ,JAN-2025,21:33, ,98c716bb1e4b79b,[MAY CONTAIN PERSONALLY IDENTIFIABLE INFORMATION], ,[MAY CONTAIN PERSONALLY IDENTIFIABLE INFORMATION], ,[MAY CONTAIN PERSONALLY IDENTIFIABLE INFORMATION], ,Los Angeles, ,CA ,[MAY CONTAIN PERSONALLY IDENTIFIABLE INFORMATION], ,Street,Dry,No Unusual Conditions,25, ,Dark - Lighted,Y, , , , , , , ,,"Other, see Narrative",No Injuries Reported,Yes,"Other, see Narrative",Not Applicable,Not Applicable, , , , , , , , , , ,Y,Proceeding Straight,No,No,Yes,17, , , , , ,Y, , , , , , , , ,Y, ,Y,Y, , ,No,, ,Yes,, ,, ,, ,Yes, ,"On January [XXX], 2025 at 9:33 PM PT a Waymo Autonomous Vehicle (""Waymo AV"") operating in Los Angeles, California was in a collision involving a fallen utility line on [XXX].
The Waymo AV was traveling east on [XXX] when the front of the Waymo AV made contact with a fallen utility line hanging in the travel lane.  At the time of the impact, the Waymo AV's Level 4 ADS was engaged in autonomous mode, and a test driver was present in the driver's seating position.  The Waymo AV sustained damage.
Transdev Alternative Services is reporting this crash under Request No. 2 of Standing General Order 2021-01.  Transdev may supplement or correct its reporting with additional information as it may become available.  This is a duplicate of report ID: [XXX].",
30270-9907,1,Waymo LLC,Monthly,1,2025,FEB-2025,SADHW2S18M1, ,N/A,Jaguar,I-PACE, ,2021, ,9b58c96904cb338,158643, ,None,5th Generation ADS, , ,5th Generation, , ,Version 9, , ,, ,Y,,, ,Y,Yes (specify below),"CA DMV, CA PUC",Yes,ADS,Waymo LLC, , ,Y, , , , , ,,JAN-2025, ,JAN-2025,19:44, ,63022700e5986e3,[MAY CONTAIN PERSONALLY IDENTIFIABLE INFORMATION], ,[MAY CONTAIN PERSONALLY IDENTIFIABLE INFORMATION], ,[MAY CONTAIN PERSONALLY IDENTIFIABLE INFORMATION], ,San Francisco, ,CA ,[MAY CONTAIN PERSONALLY IDENTIFIABLE INFORMATION], ,Street,Dry,No Unusual Conditions,25, ,Dark - Lighted,Y, , , , , , , ,,"Other, see Narrative",No Injuries Reported,Yes,"Other, see Narrative",Not Applicable,Not Applicable, , , , , , , , , , ,Y,Proceeding Straight,No,No,Yes,13, , , , , , ,Y, , , , , , , ,Y, ,Y,Y, , ,No,, ,Yes,, ,, ,, ,Yes, ,"On January [XXX], 2025 at 7:44 PM PT a Waymo Autonomous Vehicle (""Waymo AV"") operating in San Francisco, California was in a collision involving a tire on [XXX]. 
The Waymo AV was traveling west in the rightmost lane of [XXX] when a tire that had been rolling south on [XXX] rolled into the middle of the Waymo AVs lane. The front of the Waymo AV then made contact with the tire. At the time of the impact, the Waymo AV's Level 4 ADS was engaged in autonomous mode. The Waymo AV sustained damage.
Waymo is reporting this crash under Request No. 2 of Standing General Order 2021-01. Waymo may supplement or correct its reporting with additional information as it may become available.",
30270-9886,1,Waymo LLC,Monthly,1,2025,FEB-2025,SADHW2S18M1, ,N/A,Jaguar,I-PACE, ,2021, ,134676bfb4c7ba4,134200, ,In-Vehicle (Commercial / Test),5th Generation ADS, , ,5th Generation, , ,Version 9, , ,, ,Y,,, ,Y,Yes (specify below),"CA DMV, CA PUC",Yes,ADS,Waymo LLC, , ,Y, , , , , ,,JAN-2025, ,JAN-2025,21:33, ,98c716bb1e4b79b,[MAY CONTAIN PERSONALLY IDENTIFIABLE INFORMATION], ,[MAY CONTAIN PERSONALLY IDENTIFIABLE INFORMATION], ,[MAY CONTAIN PERSONALLY IDENTIFIABLE INFORMATION], ,Los Angeles, ,CA ,[MAY CONTAIN PERSONALLY IDENTIFIABLE INFORMATION], ,Street,Dry,No Unusual Conditions,25, ,Dark - Lighted,Y, , , , , , , ,,"Other, see Narrative",No Injuries Reported,Yes,"Other, see Narrative",Not Applicable,Not Applicable, , , , , , , , , , ,Y,Proceeding Straight,No,No,Yes,17, , , ,Y, ,Y,Y, , ,Y, , , , ,Y, ,Y,Y, , ,No,, ,Yes,, ,, ,, ,Yes, ,"On January[XXX], 2025 at 9:33 PM PT a Waymo Autonomous Vehicle (""Waymo AV"") operating in Los Angeles, California was in a collision involving a fallen utility line on [XXX] near [XXX]. 
The Waymo AV was traveling east on [XXX] when the front of the Waymo AV made contact with a fallen utility line hanging in the travel lane. At the time of the impact, the Waymo AV's Level 4 ADS was engaged in autonomous mode, and a test driver was present in the driver's seating position. The Waymo AV sustained damage.
Waymo is reporting this crash under Request No. 2 of Standing General Order 2021-01. Waymo may supplement or correct its reporting with additional information as it may become available.",
30270-9828,1,Waymo LLC,5-Day,,,FEB-2025,SADHW2S15R1, ,N/A,Jaguar,I-Pace, ,2024, ,367be9171186d48,24547, ,None,5th Generation ADS, , ,5th Generation, , ,Version 9, , ,, ,Y,,, ,Y,Yes (specify below),"CA DMV, CA PUC",Yes,ADS,Waymo LLC, , ,Y, , , , , ,,FEB-2025, ,FEB-2025,01:32, ,ce972fc6332dca6,[MAY CONTAIN PERSONALLY IDENTIFIABLE INFORMATION], ,[MAY CONTAIN PERSONALLY IDENTIFIABLE INFORMATION], ,[MAY CONTAIN PERSONALLY IDENTIFIABLE INFORMATION], ,Brisbane, ,CA ,[MAY CONTAIN PERSONALLY IDENTIFIABLE INFORMATION], ,Street,Wet,No Unusual Conditions,45, ,Dark - Not Lighted, , , , ,Y, , , ,,"Other, see Narrative",No Injuries Reported,Yes,"Other, see Narrative",Not Applicable,Not Applicable, , , , , , , , , , ,Y,Proceeding Straight,No,Yes,No Passengers in Vehicle,43, , , ,Y, , ,Y, , ,Y, , , , ,Y, ,Y,Y, , ,Yes,Brisbane Police Department, ,Yes,[MAY CONTAIN PERSONALLY IDENTIFIABLE INFORMATION], ,,Y,,Y,Yes, ,"On February [XXX], 2025 at 1:32 AM PT a Waymo Autonomous Vehicle (""Waymo AV"") operating in Brisbane, California was in a collision involving a hand truck dolly on [XXX] near [XXX].
The Waymo AV was traveling southbound on [XXX] in the leftmost lane of two southbound lanes when an oncoming vehicle in the northbound lane struck a hand truck dolly, which was then projected from the northbound lane through the median lane and into the southbound lane occupied by the Waymo AV. The front of the Waymo AV then made contact with the hand truck dolly, which became lodged at the front of the Waymo AV. At the time of the impact, the Waymo AV's Level 4 ADS was engaged in autonomous mode. The Waymo AV and the hand truck dolly sustained damage.
Waymo is reporting this crash under Request No. 1 of Standing General Order 2021-01 because a vehicle involved was towed away. Waymo may supplement or correct its reporting with additional information as it may become available.",
30270-9808,1,Waymo LLC,5-Day,,,FEB-2025,SADHW2S12R1, ,N/A,Jaguar,I-PACE, ,2024, ,f4f150416a0a862,36941, ,None,5th Generation ADS, , ,5th Generation, , ,Version 9, , ,, ,Y,,, ,Y,Yes (specify below),"CA DMV, CA PUC",Yes,ADS,Waymo LLC, , ,Y, , , , , ,,JAN-2025, ,JAN-2025,15:22, ,e4b7e3a121c5e7b,[MAY CONTAIN PERSONALLY IDENTIFIABLE INFORMATION], ,[MAY CONTAIN PERSONALLY IDENTIFIABLE INFORMATION], ,[MAY CONTAIN PERSONALLY IDENTIFIABLE INFORMATION], ,San Francisco, ,CA ,[MAY CONTAIN PERSONALLY IDENTIFIABLE INFORMATION], ,Intersection,Wet,No Unusual Conditions,25, ,Daylight, , ,Y, , , , , ,,"Other, see Narrative",No Injuries Reported,Yes,"Other, see Narrative",Not Applicable,Not Applicable, , , , , , , , , , ,Y,Making Left Turn,Not Applicable,Yes,Yes,9, , , , , , , , , , ,Y, , , ,Y, ,Y,Y, , ,No,, ,Yes,, ,, ,, ,Yes, ,"On January 31, 2025 at 3:22 PM PT a Waymo Autonomous Vehicle (""Waymo AV"") operating in San Francisco, California made contact with the pavement at the elevated entrance on [XXX] and [XXX].
 
The Waymo AV was traveling northwest bound on [XXX] and turning left onto [XXX] for a passenger drop off.  The crosswalk that crosses [XXX] on the southwest side of [XXX] is raised to sidewalk level, and as the Waymo AV turned onto [XXX] the Waymo AV's undercarriage made contact with the raised crosswalk pavement.  At the time of the impact, the Waymo AV's Level 4 ADS was engaged in autonomous mode. Waymo became aware that the Waymo AV sustained damage resulting in a tow at 4:32 PM PT on January [XXX], 2025.
Waymo is reporting this crash under Request No. 1 of Standing General Order 2021-01 because a vehicle involved was towed away. Waymo may supplement or correct its reporting with additional information as it may become available.",