Report ID,Report Version,Reporting Entity,Report Type,Report Month,Report Year,Report Submission Date,VIN,VIN - Unknown,Serial Number,Make,Model,Model - Unknown,Model Year,Model Year - Unknown,Same Vehicle ID,Mileage,Mileage - Unknown,Driver / Operator Type,ADAS/ADS System Version,ADAS/ADS System Version - Unk,ADAS/ADS System Version CBI,ADAS/ADS Hardware Version,ADAS/ADS Hardware Version - Unk,ADAS/ADS Hardware Version CBI,ADAS/ADS Software Version,ADAS/ADS Software Version - Unk,ADAS/ADS Software Version CBI,Other Reporting Entities?,Other Reporting Entities? - Unk,Other Reporting Entities? - NA,Federal Regulatory Exemption?,Other Federal Reg. Exemption,Federal Reg. Exemption - Unk,Federal Reg. Exemption - No,State or Local Permit?,State or Local Permit,ADS Equipped?,Automation System Engaged?,Operating Entity,Operating Entity - Unknown,Source - Complaint/Claim,Source - Telematics,Source - Law Enforcement,Source - Field Report,Source - Testing,Source - Media,Source - Other,Source - Other Text,Incident Date,Incident Date - Unknown,Notice Received Date,Incident Time (24:00),Incident Time - Unknown,Same Incident ID,Latitude,Latitude - Unknown,Longitude,Longitude - Unknown,Address,Address - Unknown,City,City - Unknown,State,Zip Code,Zip Code - Unknown,Roadway Type,Roadway Surface,Roadway Description,Posted Speed Limit (MPH),Posted Speed Limit - Unknown,Lighting,Weather - Clear,Weather - Snow,Weather - Cloudy,Weather - Fog/Smoke,Weather - Rain,Weather - Severe Wind,Weather - Unknown,Weather - Other,Weather - Other Text,Crash With,Highest Injury Severity Alleged,Property Damage?,CP Pre-Crash Movement,CP Any Air Bags Deployed?,CP Was Vehicle Towed?,CP Contact Area - Rear Left,CP Contact Area - Left,CP Contact Area - Front Left,CP Contact Area - Rear,CP Contact Area - Top,CP Contact Area - Front,CP Contact Area - Rear Right,CP Contact Area - Right,CP Contact Area - Front Right,CP Contact Area - Bottom,CP Contact Area - Unknown,SV Pre-Crash Movement,SV Any Air Bags Deployed?,SV Was Vehicle Towed?,SV Were All Passengers Belted?,SV Precrash Speed (MPH),SV Pre-crash Speed - Unknown,SV Contact Area - Rear Left,SV Contact Area - Left,SV Contact Area - Front Left,SV Contact Area - Rear,SV Contact Area - Top,SV Contact Area - Front,SV Contact Area - Rear Right,SV Contact Area - Right,SV Contact Area - Front Right,SV Contact Area - Bottom,SV Contact Area - Unknown,Data Availability - EDR,Data Availability - Police Rpt,Data Availability - Telematics,Data Availability - Complaints,Data Availability - Video,Data Availability - Other,Data Availability - No Data,Data Availability - Unknown,Law Enforcement Investigating?,Investigating Agency,Investigating Agency - Unknown,Rep Ent Or Mfr Investigating?,Investigating Officer Name,Inv. Officer Name - Unknown,Investigating Officer Phone,Inv. Officer Phone - Unknown,Investigating Officer Email,Inv. Officer Email - Unknown,Within ODD?,Within ODD? - CBI,Narrative,Narrative - CBI?
30270-9806,1,Waymo LLC,5-Day,,,FEB-2025,SADHW2S12R1, ,N/A,Jaquar,I-PACE, ,2024, ,ea55277e652175a,31094, ,None,5th Generation ADS, , ,5th Generation, , ,Version 9, , ,, ,Y,,, ,Y,Yes (specify below),"CA DMV, CA PUC",Yes,ADS,Waymo LLC, , ,Y, , , , , ,,JAN-2025, ,JAN-2025,18:42, ,b80af11c02f6289,[MAY CONTAIN PERSONALLY IDENTIFIABLE INFORMATION], ,[MAY CONTAIN PERSONALLY IDENTIFIABLE INFORMATION], ,[MAY CONTAIN PERSONALLY IDENTIFIABLE INFORMATION], ,San Francisco, ,CA ,[MAY CONTAIN PERSONALLY IDENTIFIABLE INFORMATION], ,Street,Dry,No Unusual Conditions,25, ,Dark - Lighted,Y, , , , , , , ,,"Other, see Narrative",No Injuries Reported,Yes,Parked,No,No, , ,Y, , , , , , , , ,Proceeding Straight,No,Yes,No Passengers in Vehicle,23, ,Y, , , , , , , , ,Y, , , ,Y, ,Y,Y, , ,No,, ,Yes,, ,, ,, ,Yes, ,"On January [XXX], 2025 at 6:42 PM PT a Waymo Autonomous Vehicle (""Waymo AV"") operating in San Francisco, California was in a collision involving a passenger car and a parked, unattended motorcycle on [XXX] near [XXX]. 
The Waymo AV was traveling westbound on [XXX] when the rear driver side wheel separated from the Waymo AV.  The wheel rolled a short distance and then made contact with a passenger car and a motorcycle that were both parked at the curb on the south side of [XXX]. At the time of the impact, the Waymo AV's Level 4 ADS was engaged in autonomous mode. The Waymo AV sustained damage from the wheel separation. The passenger car and the motorcycle sustained damage from contact with the separated wheel.
Waymo is reporting this crash under Request No. 1 of Standing General Order 2021-01 because a vehicle involved was towed away. Waymo may supplement or correct its reporting with additional information as it may become available.",
30270-9763,1,Waymo LLC,5-Day,,,JAN-2025,SADHW2S18R1, ,N/A,Jaguar,I-PACE, ,2024, ,d642b99fb76068b,45075, ,None,5th Generation ADS, , ,5th Generation, , ,Version 9, , ,, ,Y,,, ,Y,Yes (specify below),"CA DMV, CA PUC",Yes,ADS,Waymo LLC, , ,Y, , , , , ,,JAN-2025, ,JAN-2025,22:48, ,4d12ce78f9cceeb,[MAY CONTAIN PERSONALLY IDENTIFIABLE INFORMATION], ,[MAY CONTAIN PERSONALLY IDENTIFIABLE INFORMATION], ,[MAY CONTAIN PERSONALLY IDENTIFIABLE INFORMATION], ,Los Angeles, ,CA ,[MAY CONTAIN PERSONALLY IDENTIFIABLE INFORMATION], ,Parking Lot,Dry,"Other, see Narrative",35, ,Dark - Lighted,Y, , , , , , , ,,"Other, see Narrative",No Injuries Reported,Yes,"Other, see Narrative",Not Applicable,Not Applicable, , , , , , , , , , ,Y,Making Left Turn,No,Yes,No Passengers in Vehicle,9, , , , , , , , , , ,Y, , , ,Y, ,Y,Y, , ,No,, ,Yes,, ,, ,, ,Yes, ,"On January [XXX], 2025 at 10:48 PM PT a Waymo Autonomous Vehicle (""Waymo AV"") operating in West Hollywood, California made contact with the pavement at the elevated entrance of a parking lot near [XXX]. 
The Waymo AV was traveling westbound on [XXX] and turning left into a parking lot for a passenger pickup.  As the Waymo AV turned into the parking lot, the Waymo AV's undercarriage made contact with the raised pavement of the sidewalk and the paved entrance to the parking lot. At the time of the impact, the Waymo AV's Level 4 ADS was engaged in autonomous mode.  Waymo became aware that the Waymo AV sustained damage resulting in a tow at 12:40 AM PT on January 25th, 2025.
Waymo is reporting this crash under Request No. 1 of Standing General Order 2021-01 because a vehicle involved was towed away. Waymo may supplement or correct its reporting with additional information as it may become available.",
30270-9604,1,Waymo LLC,Monthly,12,2024,JAN-2025,SADHW2S1XR1, ,N/A,JLR,I-PACE, ,2024, ,6b11d4088fb9e69,8720, ,None,5th Generation ADS, , ,5th Generation, , ,Version 9, , ,, ,Y,,, ,Y,Yes (specify below),"CA DMV, CA PUC",Yes,ADS,Waymo LLC, , ,Y, , , , , ,,DEC-2024, ,DEC-2024,03:55, ,8997d2c23b85254,[MAY CONTAIN PERSONALLY IDENTIFIABLE INFORMATION], ,[MAY CONTAIN PERSONALLY IDENTIFIABLE INFORMATION], ,[MAY CONTAIN PERSONALLY IDENTIFIABLE INFORMATION], ,Los Angeles, ,CA ,[MAY CONTAIN PERSONALLY IDENTIFIABLE INFORMATION], ,Parking Lot,Dry,"Other, see Narrative",15, ,Dark - Lighted,Y, , , , , , , ,,"Other, see Narrative",No Injuries Reported,Yes,"Other, see Narrative",Not Applicable,Not Applicable, , , , , , , , , , ,Y,Proceeding Straight,No,No,No Passengers in Vehicle,3, , , ,Y, , , , , , , , , , ,Y, ,Y,Y, , ,No,, ,Yes,, ,, ,, ,Yes, ,"On December [XXX], 2024 at 3:55 AM PT a Waymo Autonomous Vehicle (""Waymo AV"") operating in Los Angeles, California was in a collision involving a fixed object (solar panel) in a parking lot at [XXX]. 
The Waymo AV was traveling through a parking lot at a low rate of speed when the front driver side of the Waymo AV made contact with the corner of a solar panel situated to the left of the Waymo AV. At the time of the impact, the Waymo AV's Level 4 ADS was engaged in autonomous mode. The Waymo AV sustained damage. 
Waymo is reporting this crash under Request No. 2 of Standing General Order 2021-01. Waymo may supplement or correct its reporting with additional information as it may become available.",
30270-9560,1,Waymo LLC,Monthly,12,2024,JAN-2025,SADHW2S11R1, ,N/A,JLR,I-PACE, ,2024, ,922a650cd4fb541,32025, ,None,5th Generation ADS, , ,5th Generation, , ,Version 9, , ,, ,Y,,, ,Y,Yes (specify below),"CA DMV, CA PUC",Yes,ADS,Waymo LLC, , ,Y, , , , , ,,DEC-2024, ,DEC-2024,18:59, ,d30b891a050e077,[MAY CONTAIN PERSONALLY IDENTIFIABLE INFORMATION], ,[MAY CONTAIN PERSONALLY IDENTIFIABLE INFORMATION], ,[MAY CONTAIN PERSONALLY IDENTIFIABLE INFORMATION], ,Los Angeles, ,CA ,[MAY CONTAIN PERSONALLY IDENTIFIABLE INFORMATION], ,Intersection,Dry,No Unusual Conditions,35, ,Dark - Lighted,Y, , , , , , , ,,"Other, see Narrative",No Injuries Reported,Yes,Proceeding Straight,Not Applicable,Not Applicable, , , , , , ,Y,Y, , , ,Making Right Turn,No,No,No Passengers in Vehicle,4, , , , , , ,Y, , , , , , , ,Y, ,Y,Y, , ,No,, ,Yes,, ,, ,, ,Yes, ,"On December [XXX], 2024 at 6:59 PM PT a Waymo Autonomous Vehicle (""Waymo AV"") operating in Los Angeles, California was in a collision involving a delivery robot on [XXX] at [XXX]. 
The Waymo AV was traveling eastbound on [XXX]  with its right turn signal activated, preparing to make a right turn with a green light at the intersection with [XXX]. As the Waymo AV began making the right turn onto [XXX], a delivery robot was proceeding across the crosswalk, facing a steady red hand do not cross sign. The delivery robot stopped in the intersection in the left most lane of [XXX], and the Waymo AV proceeded to begin making the right turn into the right most lane. The delivery robot then started proceeding across the crosswalk again as the Waymo AV was turning and the front of the Waymo AV made contact with the crossing delivery robot. At the time of the impact, the Waymo AV's Level 4 ADS was engaged in autonomous mode. The Waymo AV and the delivery robot sustained damage.
Waymo is reporting this crash under Request No. 2 of Standing General Order 2021-01. Waymo may supplement or correct its reporting with additional information as it may become available.",
30270-9539,1,Waymo LLC,Monthly,12,2024,JAN-2025,SADHW2S16R1, ,N/A,JLR,I-PACE, ,2024, ,5a236eb76dca3f5,38004, ,None,5th Generation ADS, , ,5th Generation, , ,Version 9, , ,, ,Y,,, ,Y,Yes (specify below),"CA DMV, CA PUC",Yes,ADS,Waymo LLC, , ,Y, , , , , ,,DEC-2024, ,DEC-2024,15:32, ,58c062c6cb6bb5a,[MAY CONTAIN PERSONALLY IDENTIFIABLE INFORMATION], ,[MAY CONTAIN PERSONALLY IDENTIFIABLE INFORMATION], ,[MAY CONTAIN PERSONALLY IDENTIFIABLE INFORMATION], ,San Francisco, ,CA ,[MAY CONTAIN PERSONALLY IDENTIFIABLE INFORMATION], ,Street,Dry,No Unusual Conditions,25, ,Daylight,Y, , , , , , , ,,"Other, see Narrative",No Injuries Reported,Yes,"Other, see Narrative",Not Applicable,Not Applicable, , , , , , , , , , ,Y,Proceeding Straight,No,No,Yes,17, , , , , , ,Y, , , , , , , ,Y, ,Y,Y, , ,No,, ,Yes,, ,, ,, ,Yes, ,"On December [XXX], 2024 at 3:32 PM PT a Waymo Autonomous Vehicle (""Waymo AV"") operating in San Francisco, California was in a collision involving a furniture dolly on [XXX] at [XXX].
The Waymo AV was traveling northbound on [XXX], following behind a heavy truck with the rear trailer door open. After the heavy truck had finished traversing [XXX], a furniture dolly in the rear of the heavy truck fell off of the vehicle and into the roadway in front of the Waymo AV, and the front of the Waymo AV made contact with the furniture dolly.  At the time of the impact, the Waymo AV's Level 4 ADS was engaged in autonomous mode. The Waymo AV sustained damage.
Waymo is reporting this crash under Request No. 2 of Standing General Order 2021-01. Waymo may supplement or correct its reporting with additional information as it may become available.",
30270-9517,1,Waymo LLC,5-Day,,,DEC-2024,SADHW2S19R1, ,N/A,Jaguar,I-Pace, ,2024, ,f03986dd311b615,5550, ,None,5th Generation ADS, , ,5th Generation, , ,Version 9, , ,, ,Y,,, ,Y,Yes (specify below),"CA DMV, CA PUC",Yes,ADS,Waymo LLC, , ,Y, , , , , ,,DEC-2024, ,DEC-2024,19:12, ,e3310f3c3380475,[MAY CONTAIN PERSONALLY IDENTIFIABLE INFORMATION], ,[MAY CONTAIN PERSONALLY IDENTIFIABLE INFORMATION], ,[MAY CONTAIN PERSONALLY IDENTIFIABLE INFORMATION], ,Culver City, ,CA ,[MAY CONTAIN PERSONALLY IDENTIFIABLE INFORMATION], ,Street,Dry,No Unusual Conditions,40, ,Dark - Lighted,Y, , , , , , , ,,"Other, see Narrative",No Injuries Reported,Yes,"Other, see Narrative",Not Applicable,Not Applicable, , , , , , , , , , ,Y,Proceeding Straight,No,Yes,Yes,15, , , ,Y, , , , , , , , , , ,Y, ,Y,Y, , ,No,, ,Yes,, ,, ,, ,Yes, ,"On December [XXX], 2024 at 7:12 PM PT a Waymo Autonomous Vehicle (""Waymo AV"") operating in Culver City, California was in a collision involving a piece of debris on [XXX] near [XXX]. 
The Waymo AV was traveling southbound on the right lane of [XXX] when the front driver side of the Waymo AV made contact with a piece of debris within its lane of travel. The debris became lodged within the front driver side wheel well of the Waymo AV and as the Waymo AV continued driving, the lodged debris ignited, causing a fire within the wheel well of the Waymo AV. At the time of the impact, the Waymo AV's Level 4 ADS was engaged in autonomous mode. The Waymo AV sustained damage. 
Waymo is reporting this crash under Request No. 1 of Standing General Order 2021-01 because a vehicle involved was towed away. Waymo may supplement or correct its reporting with additional information as it may become available.",
30531-9440,1,Transdev Alternative Services,Monthly,11,2024,DEC-2024,SADHW2S11M1, ,N/A,Jaguar,I-Pace, ,2021, ,5b2fd709cf91a79,96715, ,In-Vehicle (Commercial / Test),5th Generation ADS, , ,5th Generation, , ,Version 9, , ,Waymo LLC, , ,,, ,Y,Yes (specify below),"CA DMV, CA PUC",Yes,ADS,Waymo LLC, , ,Y, , , , , ,,NOV-2024, ,NOV-2024,08:56, ,71f056b0e3d848a,[MAY CONTAIN PERSONALLY IDENTIFIABLE INFORMATION], ,[MAY CONTAIN PERSONALLY IDENTIFIABLE INFORMATION], ,[MAY CONTAIN PERSONALLY IDENTIFIABLE INFORMATION], ,San Francisco, ,CA ,[MAY CONTAIN PERSONALLY IDENTIFIABLE INFORMATION], ,Street,Dry,No Unusual Conditions,25, ,Daylight,Y, , , , , , , ,,"Other, see Narrative",No Injuries Reported,Yes,Making Right Turn,No,No,Y, , , , , , , , , , ,Stopped,No,No,Yes,0, , , ,Y, , , , , , , , , , ,Y, ,Y,Y, , ,No,, ,Yes,, ,, ,, ,Yes, ,"On November [XXX], 2024 at 08:56 AM PT a Waymo Autonomous Vehicle (""Waymo AV"") operating in San Francisco, California was in a collision involving a shipping container that was being hauled by a pickup truck on [XXX] at [XXX].
The Waymo AV was traveling north on [XXX] in autonomous mode when it came to a stop at a stop sign to prepare to make a left turn onto westbound [XXX]. Immediately after, a pickup truck (hauling a gooseneck trailer carrying a shipping container) that had been traveling east on [XXX] came to a stop at a stop sign at the intersection with [XXX].  While the pickup truck remained stopped, the Waymo AV proceeded through the intersection.  As the Waymo AV was making a left turn through the intersection, the pickup truck entered the intersection to make a right turn onto southbound [XXX].  After the Waymo A partially enetered westbound [XXX], it came to a stop to yield to the pickup truck.  The Waymo AV test driver then transitioned to manual mode.  A moment later, while the Waymo AV remained stopped, the rear left corner of the shipping container made contact with the front driver side of the Waymo AV.  At the time of the impact, the Waymo AV's Level 4 ADS was not engaged and a test driver was operating the Waymo AV in manual mode.  The Waymo AV sustained damage.
Transdev Alternative Services is reporting this crash under Request No. 2 of Standing General Order 2021-01.  Transdev may supplement or correct its reporting with additional information as it may become available.  This is a duplicate of NHTSA report ID 30270-9421-1.",
30270-9428,1,Waymo LLC,Monthly,11,2024,DEC-2024,SADHW2S19M1, ,N/A,Jaguar,I-Pace, ,2021, ,3e2c94c7b8660e0,121986, ,In-Vehicle (Commercial / Test),5th Generation ADS, , ,5th Generation, , ,Version 9, , ,Transdev Alternative Services, , ,,, ,Y,Yes (specify below),"CA DMV, CA PUC     ",Yes,ADS,Waymo LLC, , ,Y, , , , , ,,NOV-2024, ,NOV-2024,20:39, ,504836ad1f3cbe3,[MAY CONTAIN PERSONALLY IDENTIFIABLE INFORMATION], ,[MAY CONTAIN PERSONALLY IDENTIFIABLE INFORMATION], ,[MAY CONTAIN PERSONALLY IDENTIFIABLE INFORMATION], ,San Francisco, ,CA ,[MAY CONTAIN PERSONALLY IDENTIFIABLE INFORMATION], ,Street,Dry,No Unusual Conditions,25, ,Dark - Lighted,Y, , , , , , , ,,"Other, see Narrative",No Injuries Reported,Yes,Proceeding Straight,No,No, , ,Y, , , , , , , , ,Stopped,No,No,Yes,0, , , ,Y, , , , , , , , , , ,Y, ,Y,Y, , ,No,, ,Yes,, ,, ,, ,Yes, ,"On November [XXX], 2024 at 8:39 PM PT a Waymo Autonomous Vehicle (Waymo AV) operating in San Francisco, California was in a collision involving a food truck on [XXX] near [XXX].
The Waymo AV was traveling west on [XXX] when it came to a stop to yield to an oncoming food truck in a narrow roadway with parked vehicles on both sides of the street. As the food truck was passing the stopped Waymo AV, the front drivers side of the food truck made contact with the front drivers side of the Waymo AV. At the time of the impact, the Waymo AVs Level 4 ADS was engaged in autonomous mode, and a test driver was present (in the drivers seating position). The Waymo AV sustained damage.
Waymo is reporting this crash under Request No. 2. Waymo may supplement or correct its reporting with additional information as it may become available.",
30270-9287,2,Waymo LLC,10-Day Update,,,DEC-2024,SADHW2S17R1, ,N/A,Jaguar,I-Pace, ,2024, ,77dcefb2295481e,23149, ,None,5th Generation ADS, , ,5th Generation, , ,Version 9, , ,, ,Y,,, ,Y,Yes (specify below),"CA DMV, CA PUC",Yes,ADS,Waymo LLC, , ,Y, , , , , ,,DEC-2024, ,DEC-2024,10:54, ,0fa98029f8f1cef,[MAY CONTAIN PERSONALLY IDENTIFIABLE INFORMATION], ,[MAY CONTAIN PERSONALLY IDENTIFIABLE INFORMATION], ,[MAY CONTAIN PERSONALLY IDENTIFIABLE INFORMATION], ,Los Angeles, ,CA ,[MAY CONTAIN PERSONALLY IDENTIFIABLE INFORMATION], ,Intersection,Dry,No Unusual Conditions,25, ,Daylight,Y, , , , , , , ,,"Other, see Narrative",Unknown,Unknown,NM in Roadway - Other,Not Applicable,Not Applicable, , , , , , , , , , ,Y,Proceeding Straight,No,No,No Passengers in Vehicle,16, , , , , , , , , ,Y, , , , ,Y, ,Y,Y, , ,No,, ,Yes,, ,, ,, ,Yes, ,"Other than confirmation that law enforcement is not investigating this incident, the content of this report is unchanged from the initial report submitted on December 6, 2024 [REDACTED, MAY CONTAIN CONFIDENTIAL BUSINESS INFORMATION]. 
On December [XXX], 2024 at 10:54 AM PT a Waymo Autonomous Vehicle (""Waymo AV"") operating in Los Angeles, California was in a collision involving a plastic crate on [XXX] at [XXX].
The Waymo AV was traveling westbound in the center lane on [XXX], crossing the intersection with [XXX] when the front passenger side of the Waymo AV made contact with a plastic crate that was in the roadway within the Waymo AV's lane of travel. The contact with the Waymo AV caused the crate to move into the adjacent right lane, which was occupied by a scooterist. The front tire of the scooter made contact with the crate and the scooter and scooterist fell. At the time of the impact, the Waymo AV's Level 4 ADS was engaged in autonomous mode. Given the speed at which the scooter was traveling at the time of the contact, the scooter may have sustained damage. 
Waymo is reporting this crash under Request No. 1 of Standing General Order 2021-01 because a vulnerable road user was involved. Waymo may supplement or correct its reporting with additional information as it may become available.",
30270-9285,2,Waymo LLC,10-Day Update,,,DEC-2024,SADHW2S12R1, ,N/A,Jaguar,I-Pace, ,2024, ,4b66a9a41155b16,19087, ,None,5th Generation ADS, , ,5th Generation, , ,Version 9, , ,, ,Y,,, ,Y,Yes (specify below),"CA DMV, CA PUC",Yes,ADS,Waymo LLC, , ,Y, , , , , ,,DEC-2024, ,DEC-2024,10:29, ,2480c0e06ee89ea,[MAY CONTAIN PERSONALLY IDENTIFIABLE INFORMATION], ,[MAY CONTAIN PERSONALLY IDENTIFIABLE INFORMATION], ,[MAY CONTAIN PERSONALLY IDENTIFIABLE INFORMATION], ,San Francisco, ,CA ,[MAY CONTAIN PERSONALLY IDENTIFIABLE INFORMATION], ,Street,Dry,Work Zone,25, ,Daylight,Y, , , , , , , ,,"Other, see Narrative",No Injuries Reported,Yes,Backing,No,No,Y, , , , , , , , , , ,Stopped,No,Yes,Yes,0, , , , , , , ,Y, , , , , , ,Y, ,Y,Y, , ,No,, ,Yes,, ,, ,, ,Yes, ,"The content of this report is unchanged from the initial report submitted on December 6, 2024 [REDACTED, MAY CONTAIN CONFIDENTIAL BUSINESS INFORMATION]. 
On December [XXX], 2024 at 10:29 AM PT a Waymo Autonomous Vehicle (""Waymo AV"") operating in San Francisco, California was in a collision involving an asphalt roller vehicle on [XXX] near [XXX].
This section of [XXX], between [XXX] and [XXX] was an active, open construction zone without lane markings where the roadway was being repaved. The Waymo AV had picked up a passenger on this section of road and was continuing northbound on [XXX] when it came to a stop before the construction personnel that were working within the roadway. While the Waymo AV remained stationary, an asphalt roller vehicle passed the Waymo AV multiple times. On one such pass while the asphalt roller was reversing, the rear driver side of the asphalt roller vehicle made contact with the rear passenger side of the stationary Waymo AV. At the time of the impact, the Waymo AV's Level 4 ADS was engaged in autonomous mode. The Waymo AV sustained damage.
Waymo is reporting this crash under Request No. 1 of Standing General Order 2021-01 because a vulnerable road user influenced the driving task of a vehicle involved. Waymo may supplement or correct its reporting with additional information as it may become available.",
30270-9421,1,Waymo LLC,Monthly,11,2024,DEC-2024,SADHW2S11M1, ,N/A,Jaguar,I-Pace, ,2021, ,5b2fd709cf91a79,96715, ,In-Vehicle (Commercial / Test),5th Generation ADS, , ,5th Generation, , ,Version 9, , ,Transdev Alternative Services, , ,,, ,Y,Yes (specify below),"CA DMV, CA PUC           ",Yes,ADS,Waymo LLC, , ,Y, , , , , ,,NOV-2024, ,NOV-2024,08:56, ,71f056b0e3d848a,[MAY CONTAIN PERSONALLY IDENTIFIABLE INFORMATION], ,[MAY CONTAIN PERSONALLY IDENTIFIABLE INFORMATION], ,[MAY CONTAIN PERSONALLY IDENTIFIABLE INFORMATION], ,San Francisco, ,CA ,[MAY CONTAIN PERSONALLY IDENTIFIABLE INFORMATION], ,Street,Dry,No Unusual Conditions,25, ,Daylight,Y, , , , , , , ,,"Other, see Narrative",No Injuries Reported,Yes,Making Right Turn,No,No,Y, , , , , , , , , , ,Stopped,No,No,Yes,0, , , ,Y, , , , , , , , , , ,Y, ,Y,Y, , ,No,, ,Yes,, ,, ,, ,Yes, ,"On November [XXX], 2024 at 08:56 AM PT a Waymo Autonomous Vehicle (Waymo AV) operating in San Francisco, California was in a collision involving a shipping container that was being hauled by a pickup truck on [XXX] at [XXX]. 
The Waymo AV was traveling north on [XXX] in autonomous mode when it came to a stop at a stop sign to prepare to make a left turn onto westbound [XXX]. Immediately after, a pickup truck (hauling a gooseneck trailer carrying a shipping container) that had been traveling east on [XXX] came to a stop at a stop sign at the intersection with [XXX]. While the pickup truck remained stopped, the Waymo AV proceeded through the intersection. As the Waymo AV was making a left turn through the intersection, the pickup truck entered the intersection to make a right turn onto southbound [XXX]. After the Waymo AV partially entered westbound [XXX], it came to a stop to yield to the pickup truck. The Waymo AV test driver then transitioned to manual mode. A moment later, while the Waymo AV remained stopped, the rear left corner of the shipping container made contact with the front driver side of the Waymo AV. At the time of the impact, the Waymo AVs Level 4 ADS was not engaged and a test driver was operating the Waymo AV in manual mode. The Waymo AV sustained damage. 
Waymo is reporting this crash under Request No. 2 of Standing General Order 2021-01. Waymo may supplement or correct its reporting with additional information as it may become available.",
30270-9376,1,Waymo LLC,Monthly,11,2024,DEC-2024,SADHW2S1XR1, ,N/A,Jaguar,I-Pace, ,2024, ,2195a177a88a812,26252, ,None,5th Generation ADS, , ,5th Generation, , ,Version 9, , ,, ,Y,,, ,Y,Yes (specify below),"CA DMV, CA PUC",Yes,ADS,Waymo LLC, ,Y, , , , , , ,,NOV-2024, ,NOV-2024,10:36, ,e5a2e417751e7a9,[MAY CONTAIN PERSONALLY IDENTIFIABLE INFORMATION], ,[MAY CONTAIN PERSONALLY IDENTIFIABLE INFORMATION], ,[MAY CONTAIN PERSONALLY IDENTIFIABLE INFORMATION], ,San Francisco, ,CA ,[MAY CONTAIN PERSONALLY IDENTIFIABLE INFORMATION], ,Street,Dry,No Unusual Conditions,20, ,Daylight,Y, , , , , , , ,,"Other, see Narrative",Minor,Yes,Proceeding Straight,No,No, , ,Y, , , , , , , , ,Proceeding Straight,No,No,No Passengers in Vehicle,5, , , , , , , , , , , ,Y, , ,Y, ,Y,Y, , ,No,, ,Yes,, ,, ,, ,Yes, ,"On November [XXX], 2024 at 10:36 AM PT, a Waymo Autonomous Vehicle (""Waymo AV"") operating in San Francisco, California was alleged to have contributed to a collision between an SUV and a concrete median curb on [XXX] at [XXX].
The Waymo AV was traveling southbound on [XXX] in the right of two travel lanes with its left turn signal activated, and traversed through the intersection with [XXX] with an SUV following slightly behind and to the left of the Waymo AV in the adjacent travel lane. As the Waymo AV exited the intersection with its left turn signal still activated, it slowed and moved slightly to the left within its lane, preparing to change lanes due to a stopped truck ahead within the right lane. As the SUV in the left lane was passing the Waymo AV, it maneuvered to the left in its lane, and the driver side made contact with the center concrete median curb. At the time of the impact, the Waymo AV's Level 4 ADS was engaged in autonomous mode. The SUV sustained a flat tire, and the driver alleged an injury.
Waymo is reporting this crash under Request No. 2 of Standing General Order 2021-01. Waymo may supplement or correct its reporting with additional information as it may become available.",