Report ID,Report Version,Reporting Entity,Report Type,Report Month,Report Year,Report Submission Date,VIN,VIN - Unknown,Serial Number,Make,Model,Model - Unknown,Model Year,Model Year - Unknown,Same Vehicle ID,Mileage,Mileage - Unknown,Driver / Operator Type,ADAS/ADS System Version,ADAS/ADS System Version - Unk,ADAS/ADS System Version CBI,ADAS/ADS Hardware Version,ADAS/ADS Hardware Version - Unk,ADAS/ADS Hardware Version CBI,ADAS/ADS Software Version,ADAS/ADS Software Version - Unk,ADAS/ADS Software Version CBI,Other Reporting Entities?,Other Reporting Entities? - Unk,Other Reporting Entities? - NA,Federal Regulatory Exemption?,Other Federal Reg. Exemption,Federal Reg. Exemption - Unk,Federal Reg. Exemption - No,State or Local Permit?,State or Local Permit,ADS Equipped?,Automation System Engaged?,Operating Entity,Operating Entity - Unknown,Source - Complaint/Claim,Source - Telematics,Source - Law Enforcement,Source - Field Report,Source - Testing,Source - Media,Source - Other,Source - Other Text,Incident Date,Incident Date - Unknown,Notice Received Date,Incident Time (24:00),Incident Time - Unknown,Same Incident ID,Latitude,Latitude - Unknown,Longitude,Longitude - Unknown,Address,Address - Unknown,City,City - Unknown,State,Zip Code,Zip Code - Unknown,Roadway Type,Roadway Surface,Roadway Description,Posted Speed Limit (MPH),Posted Speed Limit - Unknown,Lighting,Weather - Clear,Weather - Snow,Weather - Cloudy,Weather - Fog/Smoke,Weather - Rain,Weather - Severe Wind,Weather - Unknown,Weather - Other,Weather - Other Text,Crash With,Highest Injury Severity Alleged,Property Damage?,CP Pre-Crash Movement,CP Any Air Bags Deployed?,CP Was Vehicle Towed?,CP Contact Area - Rear Left,CP Contact Area - Left,CP Contact Area - Front Left,CP Contact Area - Rear,CP Contact Area - Top,CP Contact Area - Front,CP Contact Area - Rear Right,CP Contact Area - Right,CP Contact Area - Front Right,CP Contact Area - Bottom,CP Contact Area - Unknown,SV Pre-Crash Movement,SV Any Air Bags Deployed?,SV Was Vehicle Towed?,SV Were All Passengers Belted?,SV Precrash Speed (MPH),SV Pre-crash Speed - Unknown,SV Contact Area - Rear Left,SV Contact Area - Left,SV Contact Area - Front Left,SV Contact Area - Rear,SV Contact Area - Top,SV Contact Area - Front,SV Contact Area - Rear Right,SV Contact Area - Right,SV Contact Area - Front Right,SV Contact Area - Bottom,SV Contact Area - Unknown,Data Availability - EDR,Data Availability - Police Rpt,Data Availability - Telematics,Data Availability - Complaints,Data Availability - Video,Data Availability - Other,Data Availability - No Data,Data Availability - Unknown,Law Enforcement Investigating?,Investigating Agency,Investigating Agency - Unknown,Rep Ent Or Mfr Investigating?,Investigating Officer Name,Inv. Officer Name - Unknown,Investigating Officer Phone,Inv. Officer Phone - Unknown,Investigating Officer Email,Inv. Officer Email - Unknown,Within ODD?,Within ODD? - CBI,Narrative,Narrative - CBI?
30270-9287,1,Waymo LLC,1-Day,,,DEC-2024,SADHW2S17R1, ,N/A,Jaguar,I-Pace, ,2024, ,77dcefb2295481e,23149, ,None,5th Generation ADS, , ,5th Generation, , ,Version 9, , ,, ,Y,,, ,Y,Yes (specify below),"CA DMV, CA PUC",Yes,ADS,Waymo LLC, , ,Y, , , , , ,,DEC-2024, ,DEC-2024,10:54, ,0fa98029f8f1cef,[MAY CONTAIN PERSONALLY IDENTIFIABLE INFORMATION], ,[MAY CONTAIN PERSONALLY IDENTIFIABLE INFORMATION], ,[MAY CONTAIN PERSONALLY IDENTIFIABLE INFORMATION], ,Los Angeles, ,CA ,[MAY CONTAIN PERSONALLY IDENTIFIABLE INFORMATION], ,Intersection,Dry,No Unusual Conditions,25, ,Daylight,Y, , , , , , , ,,"Other, see Narrative",Unknown,Unknown,NM in Roadway - Other,Not Applicable,Not Applicable, , , , , , , , , , ,Y,Proceeding Straight,No,No,No Passengers in Vehicle,16, , , , , , , , , ,Y, , , , ,Y, ,Y,Y, , ,Unknown,,Y,Yes,,Y,,Y,,Y,Yes, ,"On December [XXX], 2024 at 10:54 AM PT a Waymo Autonomous Vehicle (""Waymo AV"") operating in Los Angeles, California was in a collision involving a plastic crate on [XXX] at [XXX].
The Waymo AV was traveling westbound in the center lane on [XXX], crossing the intersection with [XXX] when the front passenger side of the Waymo AV made contact with a plastic crate that was in the roadway within the Waymo AV's lane of travel. The contact with the Waymo AV caused the crate to move into the adjacent right lane, which was occupied by a scooterist. The front tire of the scooter made contact with the crate and the scooter and scooterist fell. At the time of the impact, the Waymo AV's Level 4 ADS was engaged in autonomous mode. Given the speed at which the scooter was traveling at the time of the contact, the scooter may have sustained damage. 
Waymo is reporting this crash under Request No. 1 of Standing General Order 2021-01 because a vulnerable road user was involved. Waymo may supplement or correct its reporting with additional information as it may become available.",
30270-9285,1,Waymo LLC,1-Day,,,DEC-2024,SADHW2S12R1, ,N/A,Jaguar,I-Pace, ,2024, ,4b66a9a41155b16,19087, ,None,5th Generation ADS, , ,5th Generation, , ,Version 9, , ,, ,Y,,, ,Y,Yes (specify below),"CA DMV, CA PUC",Yes,ADS,Waymo LLC, , ,Y, , , , , ,,DEC-2024, ,DEC-2024,10:29, ,2480c0e06ee89ea,[MAY CONTAIN PERSONALLY IDENTIFIABLE INFORMATION], ,[MAY CONTAIN PERSONALLY IDENTIFIABLE INFORMATION], ,[MAY CONTAIN PERSONALLY IDENTIFIABLE INFORMATION], ,San Francisco, ,CA ,[MAY CONTAIN PERSONALLY IDENTIFIABLE INFORMATION], ,Street,Dry,Work Zone,25, ,Daylight,Y, , , , , , , ,,"Other, see Narrative",No Injuries Reported,Yes,Backing,No,No,Y, , , , , , , , , , ,Stopped,No,Yes,Yes,0, , , , , , , ,Y, , , , , , ,Y, ,Y,Y, , ,No,, ,Yes,, ,, ,, ,Yes, ,"On December [XXX], 2024 at 10:29 AM PT a Waymo Autonomous Vehicle (""Waymo AV"") operating in San Francisco, California was in a collision involving an asphalt roller vehicle on [XXX] near [XXX].
This section of [XXX], between [XXX] and [XXX] was an active, open construction zone without lane markings where the roadway was being repaved. The Waymo AV had picked up a passenger on this section of road and was continuing northbound on [XXX] when it came to a stop before the construction personnel that were working within the roadway. While the Waymo AV remained stationary, an asphalt roller vehicle passed the Waymo AV multiple times. On one such pass while the asphalt roller was reversing, the rear driver side of the asphalt roller vehicle made contact with the rear passenger side of the stationary Waymo AV. At the time of the impact, the Waymo AV's Level 4 ADS was engaged in autonomous mode. The Waymo AV sustained damage.
Waymo is reporting this crash under Request No. 1 of Standing General Order 2021-01 because a vulnerable road user influenced the driving task of a vehicle involved. Waymo may supplement or correct its reporting with additional information as it may become available.",
30270-9059,2,Waymo LLC,10-Day Update,,,NOV-2024,SADHW2S12R1, ,N/A,Jaguar,I-Pace, ,2024, ,144531f119ed590,30056, ,None,5th Generation ADS, , ,5th Generation, , ,Version 9, , ,, ,Y,,, ,Y,Yes (specify below),"CA DMV, CA PUC            ",Yes,ADS,Waymo LLC, , ,Y, , , , , ,,NOV-2024, ,NOV-2024,11:17, ,cfa9cbb0323fac7,[MAY CONTAIN PERSONALLY IDENTIFIABLE INFORMATION], ,[MAY CONTAIN PERSONALLY IDENTIFIABLE INFORMATION], ,[MAY CONTAIN PERSONALLY IDENTIFIABLE INFORMATION], ,Los Angeles, ,CA ,[MAY CONTAIN PERSONALLY IDENTIFIABLE INFORMATION], ,Street,Dry,Work Zone,25, ,Daylight,Y, , , , , , , ,,"Other, see Narrative",No Injuries Reported,Yes,Backing,No,No, , , ,Y, , , , , , , ,Stopped,No,No,No Passengers in Vehicle,0, , , , , , , , ,Y, , , , , ,Y, ,Y,Y, , ,No,, ,Yes,, ,, ,, ,Yes, ,"The content of this report is unchanged from the initial report submitted on November 8, 2024 [REDACTED, MAY CONTAIN CONFIDENTIAL BUSINESS INFORMATION]. 
On November [XXX], 2024 at 11:17 AM PT a Waymo Autonomous Vehicle (Waymo AV) operating in Los Angeles, California was in a collision involving a Skid-Steer Loader (Bobcat S570) on [XXX] near [XXX]. 
The Waymo AV was traveling west on [XXX] when it slowed to a stop to yield to a road construction worker holding a hand held stop sign. While the Waymo AV remained stopped, a Skid-Steer Loader in the work zone to the right of the Waymo AV began to reverse. The rear of the Skid-Steer Loader made contact with the passenger side of the Waymo AV. At the time of the impact, the Waymo AVs Level 4 ADS was engaged in autonomous mode. The Waymo AV sustained damage.
Waymo is reporting this crash under Request No. 1 of Standing General Order 2021-01 because a vulnerable road user influenced the driving task of a vehicle involved. Waymo may supplement or correct its reporting with additional information as it may become available.",
30270-9167,1,Waymo LLC,5-Day,,,NOV-2024,SADHW2S16R1, ,N/A,Jaguar,I-Pace, ,2024, ,03e3b08a4b1688a,15636, ,None,5th Generation ADS, , ,5th Generation, , ,Version 9, , ,, ,Y,,, ,Y,Yes (specify below),"CA DMV, CA PUC",Yes,ADS,Waymo LLC, , ,Y, , , , , ,,NOV-2024, ,NOV-2024,11:31, ,99b93d3b166fa30,[MAY CONTAIN PERSONALLY IDENTIFIABLE INFORMATION], ,[MAY CONTAIN PERSONALLY IDENTIFIABLE INFORMATION], ,[MAY CONTAIN PERSONALLY IDENTIFIABLE INFORMATION], ,San Francisco, ,CA ,[MAY CONTAIN PERSONALLY IDENTIFIABLE INFORMATION], ,Street,Dry,No Unusual Conditions,25, ,Daylight,Y, , , , , , , ,,"Other, see Narrative",No Injuries Reported,Yes,Changing Lanes,No,No, , , , , , , ,Y, , , ,Stopped,No,Yes,No Passengers in Vehicle,0, , , ,Y, , , , , , , , , , ,Y, ,Y,Y, , ,Yes,San Francisco Police Department, ,Yes,[MAY CONTAIN PERSONALLY IDENTIFIABLE INFORMATION], ,[MAY CONTAIN PERSONALLY IDENTIFIABLE INFORMATION], ,,Y,Yes, ,"On November [XXX], 2024 at 11:31 AM PT a Waymo Autonomous Vehicle (""Waymo AV"") operating in San Francisco, California was in a collision involving an enclosed trailer being towed by a pickup truck on [XXX] at [XXX]. 
The Waymo AV was traveling northwest on [XXX] in the center of three lanes, approaching the intersection with [XXX], at which point [XXX] becomes [XXX]. As the Waymo AV was exiting the intersection, a pickup truck towing an enclosed trailer in the left lane of [XXX] slowed and began to merge into the center lane while the Waymo AV was next to the enclosed trailer. The Waymo AV slowed, and maneuvered slightly toward the right lane on [XXX] before coming to a stop, yielding to the merging pickup truck and enclosed trailer. While the Waymo AV remained stopped, the pickup truck continued merging into the center lane of [XXX], and the passenger side of the enclosed trailer made contact with the front driver side of the stationary Waymo AV. At the time of the impact, the Waymo AV's Level 4 ADS was engaged in autonomous mode. Both the Waymo AV and the enclosed trailer sustained damage.
Waymo is reporting this crash under Request No. 1 of Standing General Order 2021-01 because a vehicle involved was towed away. Waymo may supplement or correct its reporting with additional information as it may become available.",
30270-9126,1,Waymo LLC,Monthly,10,2024,NOV-2024,SADHW2S13R1, ,N/A,Jaguar,I-Pace, ,2024, ,f92fafff2a08303,22734, ,None,5th Generation ADS, , ,5th Generation, , ,Version 9, , ,, ,Y,,, ,Y,Yes (specify below),"CA DMV, CA PUC",Yes,ADS,Waymo LLC, , ,Y, , , , , ,,OCT-2024, ,OCT-2024,09:27, ,e54992c01abf95d,[MAY CONTAIN PERSONALLY IDENTIFIABLE INFORMATION], ,[MAY CONTAIN PERSONALLY IDENTIFIABLE INFORMATION], ,[MAY CONTAIN PERSONALLY IDENTIFIABLE INFORMATION], ,Los Angeles, ,CA ,[MAY CONTAIN PERSONALLY IDENTIFIABLE INFORMATION], ,Street,Dry,No Unusual Conditions,35, ,Daylight, , ,Y, , , , , ,,"Other, see Narrative",No Injuries Reported,Yes,"Other, see Narrative",Not Applicable,Not Applicable, , , , , , , , , , ,Y,Proceeding Straight,No,No,Yes,15, , , , , , ,Y, , , , , , , ,Y, ,Y,Y, , ,No,, ,Yes,, ,, ,, ,Yes, ,"On October [XXX], 2024 at 9:27 AM PT a Waymo Autonomous Vehicle (""Waymo AV"") operating in Los Angeles, California was in a collision involving road debris on [XXX] at [XXX].
The Waymo AV was traveling eastbound on [XXX] behind a heavily modified recreational vehicle. An exterior panel on the rear of the recreational vehicle fell off the vehicle and into the roadway in front of the AV, and the front bumper of the Waymo AV made contact with the panel. At the time of the impact, the Waymo AV's Level 4 ADS was engaged in autonomous mode. The Waymo AV sustained damage.
Waymo is reporting this crash under Request No. 2 of Standing General Order 2021-01. Waymo may supplement or correct its reporting with additional information as it may become available.",
30270-9059,1,Waymo LLC,1-Day,,,NOV-2024,SADHW2S12R1, ,N/A,Jaguar,I-Pace, ,2024, ,144531f119ed590,30056, ,None,5th Generation ADS, , ,5th Generation, , ,Version 9, , ,, ,Y,,, ,Y,Yes (specify below),"CA DMV, CA PUC            ",Yes,ADS,Waymo LLC, , ,Y, , , , , ,,NOV-2024, ,NOV-2024,11:17, ,cfa9cbb0323fac7,[MAY CONTAIN PERSONALLY IDENTIFIABLE INFORMATION], ,[MAY CONTAIN PERSONALLY IDENTIFIABLE INFORMATION], ,[MAY CONTAIN PERSONALLY IDENTIFIABLE INFORMATION], ,Los Angeles, ,CA ,[MAY CONTAIN PERSONALLY IDENTIFIABLE INFORMATION], ,Street,Dry,Work Zone,25, ,Daylight,Y, , , , , , , ,,"Other, see Narrative",No Injuries Reported,Yes,Backing,No,No, , , ,Y, , , , , , , ,Stopped,No,No,No Passengers in Vehicle,0, , , , , , , , ,Y, , , , , ,Y, ,Y,Y, , ,No,, ,Yes,, ,, ,, ,Yes, ,"On November [XXX], 2024 at 11:17 AM PT a Waymo Autonomous Vehicle (Waymo AV) operating in Los Angeles, California was in a collision involving a Skid-Steer Loader (Bobcat S570) on [XXX] near [XXX]. 
The Waymo AV was traveling west on [XXX] when it slowed to a stop to yield to a road construction worker holding a hand held stop sign. While the Waymo AV remained stopped, a Skid-Steer Loader in the work zone to the right of the Waymo AV began to reverse. The rear of the Skid-Steer Loader made contact with the passenger side of the Waymo AV. At the time of the impact, the Waymo AVs Level 4 ADS was engaged in autonomous mode. The Waymo AV sustained damage.
Waymo is reporting this crash under Request No. 1 of Standing General Order 2021-01 because a vulnerable road user influenced the driving task of a vehicle involved. Waymo may supplement or correct its reporting with additional information as it may become available.",
30270-8526,2,Waymo LLC,10-Day Update,,,SEP-2024,SADHW2S12R1, ,N/A,Jaguar,I-Pace, ,2024, ,2066f6f4cd25ba4,14604, ,None,5th Generation ADS, , ,5th Generation, , ,Version 9, , ,, ,Y,,, ,Y,Yes (specify below),"CA DMV, CA PUC",Yes,ADS,Waymo LLC, , ,Y, , , , , ,,SEP-2024, ,SEP-2024,11:08, ,85b2ac7e4bcaa36,[MAY CONTAIN PERSONALLY IDENTIFIABLE INFORMATION], ,[MAY CONTAIN PERSONALLY IDENTIFIABLE INFORMATION], ,[MAY CONTAIN PERSONALLY IDENTIFIABLE INFORMATION], ,Los Angeles, ,CA ,[MAY CONTAIN PERSONALLY IDENTIFIABLE INFORMATION], ,Street,Dry,No Unusual Conditions,35, ,Daylight,Y, , , , , , , ,,"Other, see Narrative",No Injuries Reported,Yes,"Other, see Narrative",Not Applicable,Not Applicable, , , , , , , , , , ,Y,Proceeding Straight,No,Yes,Yes,9, , ,Y, , , , , , , , , , , ,Y, ,Y,Y, , ,Yes,Los Angeles Police Department, ,Yes,[MAY CONTAIN PERSONALLY IDENTIFIABLE INFORMATION], ,[MAY CONTAIN PERSONALLY IDENTIFIABLE INFORMATION], ,,Y,Yes, ,"The content of this report is unchanged from the initial report submitted on September 9, 2024 [REDACTED, MAY CONTAIN CONFIDENTIAL BUSINESS INFORMATION]. 
On September [XXX], 2024 at 11:08 AM PT a Waymo Autonomous Vehicle (""Waymo AV"") operating in Los Angeles, California was in a collision involving a shopping cart on [XXX] at [XXX].
The Waymo AV was traveling eastbound in the left lane on [XXX] and began to slow while yielding to a pedestrian pulling a shopping cart while crossing [XXX] from the south side of the street outside of a crosswalk. As the Waymo AV approached, the pedestrian came to a stop in the center of [XXX] at the double yellow dividing line with the shopping cart still behind him in the left eastbound lane of travel. The Waymo AV continued slowing while yielding to the pedestrian and the cart and began to maneuver into the right lane of eastbound Venice Boulevard, behind a passing SUV, when the pedestrian pushed the shopping cart towards the Waymo AV and the shopping cart made contact with the driver side of the Waymo AV. The Waymo AV came to a stop in the roadway, still yielding to the pedestrian to the left of the vehicle, and the pedestrian inflicted further damage to the Waymo AV after the collision with the cart had occurred. At the time of the impact, the Waymo AV's Level 4 ADS was engaged in autonomous mode. The Waymo AV sustained damage.
Waymo is reporting this crash under Request No. 1 of Standing General Order 2021-01 because a vulnerable road user influenced the driving task of a vehicle involved. Waymo may supplement or correct its reporting with additional information as it may become available.",
30270-8632,1,Waymo LLC,Monthly,8,2024,SEP-2024,SADHW2S19R1, ,N/A,Jaguar,I-Pace, ,2024, ,1792591cf154260,23613, ,None,5th Generation ADS, , ,5th Generation, , ,Version 9, , ,, ,Y,,, ,Y,Yes (specify below),"CA DMV, CA PUC",Yes,ADS,Waymo LLC, , ,Y, , , , , ,,AUG-2024, ,AUG-2024,22:36, ,8b14fdebdb542b9,[MAY CONTAIN PERSONALLY IDENTIFIABLE INFORMATION], ,[MAY CONTAIN PERSONALLY IDENTIFIABLE INFORMATION], ,[MAY CONTAIN PERSONALLY IDENTIFIABLE INFORMATION], ,San Francisco, ,CA ,[MAY CONTAIN PERSONALLY IDENTIFIABLE INFORMATION], ,Street,Dry,No Unusual Conditions,25, ,Dark - Lighted, , ,Y, , , , , ,,"Other, see Narrative",No Injuries Reported,Yes,"Other, see Narrative",Not Applicable,Not Applicable, , , , , , , , , , ,Y,Proceeding Straight,No,No,No Passengers in Vehicle,12, , , ,Y, , , , , , , , , , ,Y, ,Y,Y, , ,No,, ,Yes,, ,, ,, ,Yes, ,"On August [XXX], 2024 at 10:36 PM PT a Waymo Autonomous Vehicle (""Waymo AV"") operating in San Francisco was in a collision involving a dog on [XXX] at [XXX]. 
The Waymo AV was traveling northbound on [XXX] in a location where parallel parked cars were present on both sides of the street. A small dog ran into the street from between two parked cars on the west side of [XXX]. The Waymo AV engaged heavy braking but the front driver side tire made contact with the dog as it was coming to a complete stop. The dog then ran back onto the western sidewalk of [XXX]. At the time of the impact, the Waymo AV's Level 4 ADS was engaged in autonomous mode. Waymo received notice of injury to the dog.
Waymo is reporting this crash under Request No. 2 of Standing General Order 2021-0. Waymo may supplement or correct its reporting with additional information as it may become available.",
30270-8526,1,Waymo LLC,1-Day,,,SEP-2024,SADHW2S12R1, ,N/A,Jaguar,I-Pace, ,2024, ,2066f6f4cd25ba4,14604, ,None,5th Generation ADS, , ,5th Generation, , ,Version 9, , ,, ,Y,,, ,Y,Yes (specify below),"CA DMV, CA PUC",Yes,ADS,Waymo LLC, , ,Y, , , , , ,,SEP-2024, ,SEP-2024,11:08, ,85b2ac7e4bcaa36,[MAY CONTAIN PERSONALLY IDENTIFIABLE INFORMATION], ,[MAY CONTAIN PERSONALLY IDENTIFIABLE INFORMATION], ,[MAY CONTAIN PERSONALLY IDENTIFIABLE INFORMATION], ,Los Angeles, ,CA ,[MAY CONTAIN PERSONALLY IDENTIFIABLE INFORMATION], ,Street,Dry,No Unusual Conditions,35, ,Daylight,Y, , , , , , , ,,"Other, see Narrative",No Injuries Reported,Yes,"Other, see Narrative",Not Applicable,Not Applicable, , , , , , , , , , ,Y,Proceeding Straight,No,Yes,Yes,9, , ,Y, , , , , , , , , , , ,Y, ,Y,Y, , ,Yes,Los Angeles Police Department, ,Yes,[MAY CONTAIN PERSONALLY IDENTIFIABLE INFORMATION], ,[MAY CONTAIN PERSONALLY IDENTIFIABLE INFORMATION], ,,Y,Yes, ,"On September [XXX], 2024 at 11:08 AM PT a Waymo Autonomous Vehicle (""Waymo AV"") operating in Los Angeles, California was in a collision involving a shopping cart on [XXX] at [XXX].
The Waymo AV was traveling eastbound in the left lane on [XXX] and began to slow while yielding to a pedestrian pulling a shopping cart while crossing [XXX] from the south side of the street outside of a crosswalk. As the Waymo AV approached, the pedestrian came to a stop in the center of [XXX] at the double yellow dividing line with the shopping cart still behind him in the left eastbound lane of travel. The Waymo AV continued slowing while yielding to the pedestrian and the cart and began to maneuver into the right lane of eastbound [XXX], behind a passing SUV, when the pedestrian pushed the shopping cart towards the Waymo AV and the shopping cart made contact with the driver side of the Waymo AV. The Waymo AV came to a stop in the roadway, still yielding to the pedestrian to the left of the vehicle, and the pedestrian inflicted further damage to the Waymo AV after the collision with the cart had occurred. At the time of the impact, the Waymo AV's Level 4 ADS was engaged in autonomous mode. The Waymo AV sustained damage.
Waymo is reporting this crash under Request No. 1 of Standing General Order 2021-01 because a vulnerable road user influenced the driving task of a vehicle involved. Waymo may supplement or correct its reporting with additional information as it may become available.",
30270-8513,1,Waymo LLC,5-Day,,,SEP-2024,SADHW2S16R1, ,N/A,Jaguar,I-Pace, ,2024, ,f48ff35eafa2b0b,18249, ,None,5th Generation ADS, , ,5th Generation, , ,Version 9, , ,, ,Y,,, ,Y,Yes (specify below),"CA DMV, CA PUC",Yes,ADS,Waymo LLC, , ,Y, , , , , ,,SEP-2024, ,SEP-2024,14:42, ,23dc208978b7787,[MAY CONTAIN PERSONALLY IDENTIFIABLE INFORMATION], ,[MAY CONTAIN PERSONALLY IDENTIFIABLE INFORMATION], ,[MAY CONTAIN PERSONALLY IDENTIFIABLE INFORMATION], ,San Francisco, ,CA ,[MAY CONTAIN PERSONALLY IDENTIFIABLE INFORMATION], ,Street,Dry,No Unusual Conditions,25, ,Daylight,Y, , , , , , , ,,"Other, see Narrative",No Injuries Reported,Yes,"Other, see Narrative",Not Applicable,Not Applicable, , , , , , , , , , ,Y,Proceeding Straight,No,Yes,Yes,20, , , , , , ,Y, , , , , , , ,Y, ,Y,Y, , ,No,, ,Yes,, ,, ,, ,Yes, ,"On September [XXX], 2024 at 2:42 PM PT a Waymo Autonomous Vehicle (""Waymo AV"") operating in San Francisco, California was in a collision involving a shopping cart on [XXX] near [XXX].
The Waymo AV was traveling southeast on [XXX] in the center lane of a three lane road when the front of the Waymo AV made contact with a shopping cart that was located in the center of the road. At the time of the impact, the Waymo AV's Level 4 ADS was engaged in autonomous mode. The Waymo AV sustained damage.
Waymo is reporting this crash under Request No. 1 of Standing General Order 2021-01 because the AV involved was towed away as a result of damage that detached the front license plate. Waymo may supplement or correct its reporting with additional information as it may become available.",
30531-8220,1,Transdev Alternative Services,5-Day,,,JUL-2024,SADHW2S13M1, ,N/A,Jaguar,I-Pace, ,2021, ,f97408305266b85,119981, ,In-Vehicle (Commercial / Test),5th Generation ADS, , ,5th Generation, , ,Version 9, , ,Waymo LLC, , ,,, ,Y,Yes (specify below),"CA DMV, CA PUC",Yes,ADS,Waymo LLC, , ,Y, , , , , ,,JUL-2024, ,JUL-2024,13:26, ,036be89379840a4,[MAY CONTAIN PERSONALLY IDENTIFIABLE INFORMATION], ,[MAY CONTAIN PERSONALLY IDENTIFIABLE INFORMATION], ,[MAY CONTAIN PERSONALLY IDENTIFIABLE INFORMATION], ,Mountain View, ,CA ,[MAY CONTAIN PERSONALLY IDENTIFIABLE INFORMATION], ,Parking Lot,Dry,No Unusual Conditions,5, ,Daylight,Y, , , , , , , ,,"Other, see Narrative",No Injuries Reported,Yes,"Other, see Narrative",Not Applicable,Not Applicable, , , , , , , , , , ,Y,Lane / Road Departure,No,Yes,Yes,6, , , , , , , , , , ,Y, , , ,Y, ,Y,Y, , ,No,, ,Yes,, ,, ,, ,Yes, ,"On July [XXX], 2024 at 1:26 PM PT a Waymo Autonomous Vehicle (""Waymo AV"") operating in [XXX], California was in a collision involving a curb in a parking lot near [XXX].
The Waymo AV was traveling through a parking lot when it drover over a curb and the bottom of the Waymo AV made contact with the curb.  At the time of the contact, the Waymo AV's Level 4 ADS was not engaged and a test driver was operating the Waymo AV in manual mode.  The Waymo AV sustained damage.
Transdev Alternative Services is reporting this crash under Request No. 1 of Standing General Order 2021-01 because a vehicle involved was towed away.  Transdev may supplement or correct its reporting with additional information as it may become available.  This is a duplicate of Report ID: 30270-8219-1.",
30270-8219,1,Waymo LLC,5-Day,,,JUL-2024,SADHW2S13M1, ,N/A,Jaguar,I-Pace, ,2021, ,f97408305266b85,119981, ,In-Vehicle (Commercial / Test),5th Generation ADS, , ,5th Generation, , ,Version 9, , ,Transdev Alternative Services, , ,,, ,Y,Yes (specify below),"CA DMV, CA PUC						",Yes,ADS,Waymo LLC, , ,Y, , , , , ,,JUL-2024, ,JUL-2024,13:26, ,036be89379840a4,[MAY CONTAIN PERSONALLY IDENTIFIABLE INFORMATION], ,[MAY CONTAIN PERSONALLY IDENTIFIABLE INFORMATION], ,[MAY CONTAIN PERSONALLY IDENTIFIABLE INFORMATION], ,Mountain View, ,CA ,[MAY CONTAIN PERSONALLY IDENTIFIABLE INFORMATION], ,Parking Lot,Dry,No Unusual Conditions,5, ,Daylight,Y, , , , , , , ,,"Other, see Narrative",No Injuries Reported,Yes,"Other, see Narrative",Not Applicable,Not Applicable, , , , , , , , , , ,Y,Lane / Road Departure,No,Yes,Yes,6, , , , , , , , , , ,Y, , , ,Y, ,Y,Y, , ,No,, ,Yes,, ,, ,, ,Yes, ,"On July [XXX], 2024 at 1:26 PM PT a Waymo Autonomous Vehicle (Waymo AV) operating in [XXX], California was in a collision involving a curb in a parking lot near [XXX].
The Waymo AV was traveling through a parking lot when it drove over a curb and the bottom of the Waymo AV made contact with the curb. At the time of the contact, the Waymo AVs Level 4 ADS was not engaged and a test driver was operating the Waymo AV in manual mode. The Waymo AV sustained damage.
Waymo is reporting this crash under Request No. 1 of Standing General Order 2021-01 because a vehicle involved was towed away. Waymo may supplement or correct its reporting with additional information as it may become available.",
30270-8152,1,Waymo LLC,Monthly,6,2024,JUL-2024,SADHW2S11R1, ,N/A,Jaguar,I-Pace, ,2024, ,a408dead6df7aab,15703, ,None,5th Generation ADS, , ,5th Generation, , ,Version 9, , ,, ,Y,,, ,Y,Yes (specify below),"CA DMV, CA PUC						",Yes,ADS,Waymo LLC, , ,Y, , , , , ,,JUN-2024, ,JUN-2024,20:15, ,395270ce46157ae,[MAY CONTAIN PERSONALLY IDENTIFIABLE INFORMATION], ,[MAY CONTAIN PERSONALLY IDENTIFIABLE INFORMATION], ,[MAY CONTAIN PERSONALLY IDENTIFIABLE INFORMATION], ,San Francisco, ,CA ,[MAY CONTAIN PERSONALLY IDENTIFIABLE INFORMATION], ,Intersection,Dry,No Unusual Conditions,25, ,Daylight,Y, , , , , , , ,,"Other, see Narrative",No Injuries Reported,Yes,"Other, see Narrative",Not Applicable,Not Applicable, , , , , , , , , , ,Y,Proceeding Straight,No,No,Yes,3, , , ,Y, , ,Y, , ,Y, , , , ,Y, ,Y,Y, , ,No,, ,Yes,, ,, ,, ,Yes, ,"On June [XXX], 2024 at 8:15 PM PT a Waymo Autonomous Vehicle (Waymo AV) operating in [XXX], California was in a collision involving a portable metal barrier on [XXX] at [XXX].
The Waymo AV was traveling southeast on [XXX] at a low rate of speed when the front of the Waymo AV made contact with a portable metal barrier at the intersection with [XXX]. As the Waymo AV made a right turn onto southwestbound {XXX], it pushed the barrier along with it and the rightmost edge of the barrier made contact with the rear driver side of a postal van parked at the curb of southwestbound [XXX]. As the Waymo AV began to slow to initiate a pull over (still pushing the barrier), the rightmost edge of the barrier made contact with the driver side of two other postal vans and two passenger cars that were also parked at the curb of southwestbound [XXX]. The Waymo AV continued to push the barrier as it completed the pullover, coming to a stop on the right side of  southwestbound [XXX]. At the time of the impact, the Waymo AVs Level 4 ADS was engaged in autonomous mode. The metal barrier and all vehicles mentioned sustained damage.
Waymo is reporting this crash under Request No. 2 of Standing General Order 2021-01.Waymo may supplement or correct its reporting with additional information as it may become available.",