Report ID,Report Version,Reporting Entity,Report Type,Report Month,Report Year,Report Submission Date,VIN,VIN - Unknown,Serial Number,Make,Model,Model - Unknown,Model Year,Model Year - Unknown,Same Vehicle ID,Mileage,Mileage - Unknown,Driver / Operator Type,ADAS/ADS System Version,ADAS/ADS System Version - Unk,ADAS/ADS System Version CBI,ADAS/ADS Hardware Version,ADAS/ADS Hardware Version - Unk,ADAS/ADS Hardware Version CBI,ADAS/ADS Software Version,ADAS/ADS Software Version - Unk,ADAS/ADS Software Version CBI,Other Reporting Entities?,Other Reporting Entities? - Unk,Other Reporting Entities? - NA,Federal Regulatory Exemption?,Other Federal Reg. Exemption,Federal Reg. Exemption - Unk,Federal Reg. Exemption - No,State or Local Permit?,State or Local Permit,ADS Equipped?,Automation System Engaged?,Operating Entity,Operating Entity - Unknown,Source - Complaint/Claim,Source - Telematics,Source - Law Enforcement,Source - Field Report,Source - Testing,Source - Media,Source - Other,Source - Other Text,Incident Date,Incident Date - Unknown,Notice Received Date,Incident Time (24:00),Incident Time - Unknown,Same Incident ID,Latitude,Latitude - Unknown,Longitude,Longitude - Unknown,Address,Address - Unknown,City,City - Unknown,State,Zip Code,Zip Code - Unknown,Roadway Type,Roadway Surface,Roadway Description,Posted Speed Limit (MPH),Posted Speed Limit - Unknown,Lighting,Weather - Clear,Weather - Snow,Weather - Cloudy,Weather - Fog/Smoke,Weather - Rain,Weather - Severe Wind,Weather - Unknown,Weather - Other,Weather - Other Text,Crash With,Highest Injury Severity Alleged,Property Damage?,CP Pre-Crash Movement,CP Any Air Bags Deployed?,CP Was Vehicle Towed?,CP Contact Area - Rear Left,CP Contact Area - Left,CP Contact Area - Front Left,CP Contact Area - Rear,CP Contact Area - Top,CP Contact Area - Front,CP Contact Area - Rear Right,CP Contact Area - Right,CP Contact Area - Front Right,CP Contact Area - Bottom,CP Contact Area - Unknown,SV Pre-Crash Movement,SV Any Air Bags Deployed?,SV Was Vehicle Towed?,SV Were All Passengers Belted?,SV Precrash Speed (MPH),SV Pre-crash Speed - Unknown,SV Contact Area - Rear Left,SV Contact Area - Left,SV Contact Area - Front Left,SV Contact Area - Rear,SV Contact Area - Top,SV Contact Area - Front,SV Contact Area - Rear Right,SV Contact Area - Right,SV Contact Area - Front Right,SV Contact Area - Bottom,SV Contact Area - Unknown,Data Availability - EDR,Data Availability - Police Rpt,Data Availability - Telematics,Data Availability - Complaints,Data Availability - Video,Data Availability - Other,Data Availability - No Data,Data Availability - Unknown,Law Enforcement Investigating?,Investigating Agency,Investigating Agency - Unknown,Rep Ent Or Mfr Investigating?,Investigating Officer Name,Inv. Officer Name - Unknown,Investigating Officer Phone,Inv. Officer Phone - Unknown,Investigating Officer Email,Inv. Officer Email - Unknown,Within ODD?,Within ODD? - CBI,Narrative,Narrative - CBI?
33257-8085,1,"VinFast Auto, LLC",Monthly,7,2024,JUL-2024,RLLV1AFA3PH, ,N/A,Vinfast,VF8, ,2024, ,9b63a2674f06654,,Y,In-Vehicle (Commercial / Test),,Y, ,,Y, ,,Y, ,"VinFast Auto, LLC", , ,,, ,Y,Unknown,,Yes,ADAS,Internal employee, , , , , , , ,Y,Internal incident report.,,Y,JUN-2024,,Y, ,,Y,,Y,[MAY CONTAIN PERSONALLY IDENTIFIABLE INFORMATION], ,Valencia, ,CA ,[MAY CONTAIN PERSONALLY IDENTIFIABLE INFORMATION], ,Intersection,Dry,Missing / Degraded Markings,,Y,Dawn / Dusk, , , , , , ,Y, ,,"Other, see Narrative",No Injuries Reported,Yes,"Other, see Narrative",Not Applicable,Not Applicable, , , , , , , , , , ,Y,Making Right Turn,No,No,Unknown,,Y, , ,Y, , , , , , , , , , , , , ,Y, , ,No,, ,Unknown,, ,, ,, ,Yes, ,"The vehicle was traveling on ""[XXX]"" avenue/street towards the Wendy's parking lot, where the charging stations are located. The turn off lane is short and does not appear to have visible line markings except for the faded white triangle in front of the median, which ends approximately a foot before the median. The concrete median is gray in color and seems to blend with a color of the road/pavement and the sidewalk - essentially blending in with the surrounding roadway. As the employee turned into the lane, and attempted to get into the parking lot, the vehicle tried to maintain the same course of travel, thus coming into contact with an edge of the curb/median. The damage was to the wheel/rim area.",
30270-7938,1,Waymo LLC,Monthly,5,2024,JUN-2024,SADHW2S17M1, ,N/A,Jaguar,I-Pace, ,2021, ,6928114ae21e747,,Y,None,5th Generation ADS, , ,5th Generation, , ,Version 9, , ,, ,Y,,, ,Y,Yes (specify below),"CA DMV, CA PUC",Yes,ADS,Waymo LLC, ,Y, , , , , , ,,MAY-2024, ,MAY-2024,18:11, ,67c67c5cdfab8f9,[MAY CONTAIN PERSONALLY IDENTIFIABLE INFORMATION], ,[MAY CONTAIN PERSONALLY IDENTIFIABLE INFORMATION], ,[MAY CONTAIN PERSONALLY IDENTIFIABLE INFORMATION], ,San Francisco, ,CA ,[MAY CONTAIN PERSONALLY IDENTIFIABLE INFORMATION], ,Street,Dry,No Unusual Conditions,25, ,Daylight,Y, , , , , , , ,,"Other, see Narrative",No Injuries Reported,Yes,"Other, see Narrative",Not Applicable,Not Applicable, , , , , , , , , , ,Y,Unknown,No,No,No Passengers in Vehicle,,Y, , , , , , , , , , ,Y, , ,Y,Y,Y,Y, , ,Unknown,,Y,Yes,,Y,,Y,,Y,Yes, ,"On May 28, 2024, Waymo received notice of an allegation that a Waymo Autonomous Vehicle (""Waymo AV"") operating in San Francisco, California may have contributed to a low-speed collision between a fire engine and an SUV on [XXX] near [XXX].
On May [XXX], 2024 at 6:11 PM PT a Waymo Autonomous Vehicle (""Waymo AV"") operating in San Francisco, California was traveling north on [XXX] within its lane when it slowed to a stop as a fire engine, which was not displaying lights or sounding its sirens, approached in the oncoming direction. The Waymo AV began to slowly proceed straight within its lane as the fire engine was passing on its left. Neither the SUV nor the fire engine made contact with the Waymo AV. Waymo received notice of an allegation that as the fire engine proceeded straight, it made contact with the driver side of an SUV that was parked at the curb immediately to the right of the fire engine. When the Waymo AV proceeded in its lane past the fire engine, the Waymo AV's Level 4 ADS was engaged in autonomous mode. 
Waymo is reporting this crash under Request No. 2 of Standing General Order 2021-01. Waymo may supplement or correct its reporting with additional information as it may become available.",
30270-7795,2,Waymo LLC,10-Day Update,,,JUN-2024,SADHW2S15R1, ,N/A,Jaguar,I-Pace, ,2024, ,da9870749cbf827,10820, ,None,5th Generation ADS, , ,5th Generation, , ,Version 9, , ,, ,Y,,, ,Y,Yes (specify below),"CA DMV, CA PUC",Yes,ADS,Waymo LLC, , ,Y, , , , , ,,MAY-2024, ,MAY-2024,14:13, ,84a566f93ceec88,[MAY CONTAIN PERSONALLY IDENTIFIABLE INFORMATION], ,[MAY CONTAIN PERSONALLY IDENTIFIABLE INFORMATION], ,[MAY CONTAIN PERSONALLY IDENTIFIABLE INFORMATION], ,San Francisco, ,CA ,[MAY CONTAIN PERSONALLY IDENTIFIABLE INFORMATION], ,Parking Lot,Dry,No Unusual Conditions,10, ,Daylight,Y, , , , , , , ,,"Other, see Narrative",No Injuries Reported,Yes,Backing,No,No, , , , , , ,Y, , , , ,Proceeding Straight,No,No,No Passengers in Vehicle,2, , , , , , , , , ,Y, , , , ,Y, ,Y,Y, , ,No,, ,Yes,, ,, ,, ,Yes, ,"The content of this report is unchanged from the initial report submitted on May 24, 2024 [REDACTED, MAY CONTAIN CONFIDENTIAL BUSINESS INFORMATION]. 
On May [XXX], 2024 at 2:13 PM PT a Waymo Autonomous Vehicle (Waymo AV) operating in San Francisco, California was in a collision involving a utility vehicle in a parking lot at City College of San Francisco located just west of [XXX].  
The Waymo AV was navigating through a parking lot when it began to slow to yield for pedestrians ahead. A utility vehicle then backed out of a parking spot to the right of the Waymo AV and made contact with the passenger side of the Waymo AV. At the time of the impact, the Waymo AVs Level 4 ADS was engaged in autonomous mode. The Waymo AV sustained damage. 
Waymo is reporting this crash under Request No. 1 of Standing General Order 2021-01 because a vulnerable road user influenced the driving task of a vehicle involved. Waymo may supplement or correct its reporting with additional information as it may become available.",
30270-7795,1,Waymo LLC,1-Day,,,MAY-2024,SADHW2S15R1, ,N/A,Jaguar,I-Pace, ,2024, ,da9870749cbf827,10820, ,None,5th Generation ADS, , ,5th Generation, , ,Version 9, , ,, ,Y,,, ,Y,Yes (specify below),"CA DMV, CA PUC",Yes,ADS,Waymo LLC, , ,Y, , , , , ,,MAY-2024, ,MAY-2024,14:13, ,84a566f93ceec88,[MAY CONTAIN PERSONALLY IDENTIFIABLE INFORMATION], ,[MAY CONTAIN PERSONALLY IDENTIFIABLE INFORMATION], ,[MAY CONTAIN PERSONALLY IDENTIFIABLE INFORMATION], ,San Francisco, ,CA ,[MAY CONTAIN PERSONALLY IDENTIFIABLE INFORMATION], ,Parking Lot,Dry,No Unusual Conditions,10, ,Daylight,Y, , , , , , , ,,"Other, see Narrative",No Injuries Reported,Yes,Backing,No,No, , , , , , ,Y, , , , ,Proceeding Straight,No,No,No Passengers in Vehicle,2, , , , , , , , , ,Y, , , , ,Y, ,Y,Y, , ,No,, ,Yes,, ,, ,, ,Yes, ,"On May [XXX], 2024 at 2:13 PM PT a Waymo Autonomous Vehicle (Waymo AV) operating in San Francisco, California was in a collision involving a utility vehicle in a parking lot at City College of San Francisco located just west of [XXX].  
The Waymo AV was navigating through a parking lot when it began to slow to yield for pedestrians ahead. A utility vehicle then backed out of a parking spot to the right of the Waymo AV and made contact with the passenger side of the Waymo AV. At the time of the impact, the Waymo AVs Level 4 ADS was engaged in autonomous mode. The Waymo AV sustained damage. 
Waymo is reporting this crash under Request No. 1 of Standing General Order 2021-01 because a vulnerable road user influenced the driving task of a vehicle involved. Waymo may supplement or correct its reporting with additional information as it may become available.",
30270-7729,1,Waymo LLC,Monthly,4,2024,MAY-2024,SADHW2S17M1, ,N/A,Jaguar,I-Pace, ,2021, ,f5bb635090c4b1a,80954, ,None,5th Generation ADS, , ,5th Generation, , ,Version 8, , ,, ,Y,,, ,Y,Yes (specify below),"CA DMV, CA PUC",Yes,ADS,Waymo LLC, , ,Y, , , , , ,,APR-2024, ,APR-2024,23:07, ,1fd8c583c2ad222,[MAY CONTAIN PERSONALLY IDENTIFIABLE INFORMATION], ,[MAY CONTAIN PERSONALLY IDENTIFIABLE INFORMATION], ,[MAY CONTAIN PERSONALLY IDENTIFIABLE INFORMATION], ,Santa Monica, ,CA ,[MAY CONTAIN PERSONALLY IDENTIFIABLE INFORMATION], ,Parking Lot,Dry,No Unusual Conditions,15, ,Dark - Lighted,Y, , , , , , , ,,"Other, see Narrative",No Injuries Reported,Yes,"Other, see Narrative",Not Applicable,Not Applicable, , , , , , , , , , ,Y,Making Left Turn,No,No,No Passengers in Vehicle,4, , , ,Y, ,Y, , , , , , , , ,Y, ,Y,Y, , ,No,, ,Yes,, ,, ,, ,Yes, ,"On April [XXX], 2024 at 11:07 PM PT a Waymo Autonomous Vehicle (Waymo AV) operating in Santa Monica, California was in a collision involving a chain in a parking lot at [XXX]. 
The Waymo AV was traveling northwest on [XXX] when it made a left turn into a parking lot at [XXX]. As the Waymo AV was turning into the section of the parking lot directly to its left, the Waymo AV made contact with a hanging chain separating a section of the parking lot. At the time of the impact, the Waymo AVs Level 4 ADS was engaged in autonomous mode. The Waymo AV and the chain sustained damage.
Waymo is reporting this crash under Request No. 2 of Standing General Order 2021-01. Waymo may supplement or correct its reporting with additional information as it may become available.",
30270-7543,1,Waymo LLC,Monthly,3,2024,APR-2024,SADHW2S18M1, ,N/A,Jaguar,I-Pace, ,2021, ,8d2c8e1b95ad195,25288, ,None,5th Generation ADS, , ,5th Generation, , ,Version 8, , ,, ,Y,,, ,Y,Yes (specify below),"CA DMV, CA PUC",Yes,ADS,Waymo LLC, ,Y,Y, , , , , ,,MAR-2024, ,MAR-2024,18:01, ,92b9116e211750e,[MAY CONTAIN PERSONALLY IDENTIFIABLE INFORMATION], ,[MAY CONTAIN PERSONALLY IDENTIFIABLE INFORMATION], ,[MAY CONTAIN PERSONALLY IDENTIFIABLE INFORMATION], ,San Francisco, ,CA ,[MAY CONTAIN PERSONALLY IDENTIFIABLE INFORMATION], ,Street,Dry,No Unusual Conditions,25, ,Daylight,Y, , , , , , , ,,"Other, see Narrative",No Injuries Reported,Yes,"Other, see Narrative",Unknown,Unknown, , , , , , , , , , ,Y,Proceeding Straight,No,No,No Passengers in Vehicle,2, , , , , , , , , , , ,Y, , ,Y,Y,Y,Y, , ,No,, ,Yes,, ,, ,, ,Yes, ,"On March [XXX], 2024, Waymo received notice of an allegation that a Waymo Autonomous Vehicle (Waymo AV) operating in San Francisco, California contributed to a collision involving two passenger cars near [XXX]. 
On March [XXX], 2024 at 6:01 PM PT a Waymo Autonomous Vehicle (Waymo AV) operating in San Francisco, California was traveling southeast on [XXX] when a passenger car began to exit from a driveway to the left of the Waymo AV. Simultaneously, a passenger car traveling northwest on [XXX] was approaching at a high rate of speed. The Waymo AV began to slow as the oncoming passenger car partially entered the same lane as the Waymo AV. The passenger car to the left of the Waymo AV continued exiting the driveway as the oncoming passenger car continued approaching. The passenger side of the oncoming passenger car then made contact with the driver side of the passenger car entering traffic. Neither passenger car made contact with the Waymo AV. The Waymo AVs Level 4 ADS was engaged in autonomous mode. Both passenger cars sustained damage. The oncoming passenger car left the scene without exchanging information.
Waymo is reporting this crash under Request No. 2  of Standing General Order 2021-01. Waymo may supplement or correct its reporting with additional information as it may become available.",
30270-7054,1,Waymo LLC,5-Day,,,JAN-2024,SADHW2S16M1, ,N/A,Jaguar,I-Pace, ,2021, ,c0bc3685a7d18ca,75945, ,None,5th Generation, , ,5th Generation, , ,Version 8, , ,, ,Y,,, ,Y,Yes (specify below),ADOT,Yes,ADS,Waymo LLC, , ,Y, , , , , ,,JAN-2024, ,JAN-2024,17:50, ,f4e66fc9d21a5b9,[MAY CONTAIN PERSONALLY IDENTIFIABLE INFORMATION], ,[MAY CONTAIN PERSONALLY IDENTIFIABLE INFORMATION], ,[MAY CONTAIN PERSONALLY IDENTIFIABLE INFORMATION], ,Phoenix, ,CA ,[MAY CONTAIN PERSONALLY IDENTIFIABLE INFORMATION], ,Street,Dry,"Other, see Narrative",35, ,Daylight, , ,Y, , , , , ,,"Other, see Narrative",No Injuries Reported,Yes,"Other, see Narrative",Not Applicable,Not Applicable, , , , , , , , , , ,Y,Proceeding Straight,No,Yes,Yes,35, , , , , , , , , ,Y, , , , ,Y, ,Y,Y, , ,No,, ,Yes,, ,, ,, ,Yes, ,"On January [XXX], 2024 at 4:50 PM PT a Waymo Autonomous Vehicle (Waymo AV) operating in Phoenix, Arizona was in an event involving a rock in the road on [XXX] past [XXX].
The Waymo AV was traveling northbound on [XXX] in the far right lane when its front passenger side tire made contact with a rock in the road and immediately deflated. At the time of the impact, the Waymo AVs Level 4 ADS was engaged in autonomous mode. The Waymo AV sustained damage.
Waymo is reporting this under Request No. 1 of Standing General Order 2021-01 because a vehicle involved was towed away. Waymo may supplement or correct its reporting with additional information as it may become available.",
33495-6726,1,Apollo Autonomous Driving USA,Monthly,10,2023,NOV-2023,3LN6L2LU4GR, ,N/A,Lincoln,MKZ Hybrid, ,2016, ,c43d4aa180e4f98,,Y,In-Vehicle (Commercial / Test),3rd generation ADS, , ,3rd generation hardware, , ,Version 2B, , ,, ,Y,,, ,Y,Yes (specify below),CA,Yes,"Unknown, see Narrative",Apollo Autonomous Driving USA, , , , , ,Y, , ,,OCT-2023, ,OCT-2023,12:01, ,6724ba0b1aa4554,[MAY CONTAIN PERSONALLY IDENTIFIABLE INFORMATION], ,[MAY CONTAIN PERSONALLY IDENTIFIABLE INFORMATION], ,[MAY CONTAIN PERSONALLY IDENTIFIABLE INFORMATION], ,San Francisco, ,CA ,[MAY CONTAIN PERSONALLY IDENTIFIABLE INFORMATION], ,Intersection,Dry,No Unusual Conditions,25, ,Daylight,Y, , , , , , , ,,"Other, see Narrative",No Injuries Reported,No,"Other, see Narrative",Not Applicable,Not Applicable, , , , , , , , , , ,Y,Proceeding Straight,No,No,Yes,15, , , , , , , , , ,Y, , , , , , ,Y, , , ,No,, ,Yes,, ,, ,, ,Yes, ,"An Apollo autonomous vehicle (""AV"") was traveling westbound on [XXX] in San Francisco in conventional mode with a safety operator driving. At the intersection with [XXX],  the right front of the AV made contact with the curb and the AV traveled onto the curb. The safety operator was able to drive off the curb and back onto the street.  No other vehicles or property were involved. There were no injuries and the police were not called. The AV sustained minor damage to right wheel fender shield and the right lower bumper.",
30711-6431,1,Pony.ai,Monthly,10,2023,OCT-2023,3LN6L5MU9KR, ,N/A,Lincoln,MKZ, ,2019, ,a91a58bb751afbb,48834, ,In-Vehicle (Commercial / Test),20230915-175743-730725-2004, , ,Pony-Millet-Orin, , ,20230915-175743-730725-2004, , ,, ,Y,,, ,Y,Yes (specify below),CA DMV,Yes,ADS,Pony.ai, , , , ,Y, , , ,,SEP-2023, ,SEP-2023,17:02, ,7b7bc1d6bb1b4e4,[MAY CONTAIN PERSONALLY IDENTIFIABLE INFORMATION], ,[MAY CONTAIN PERSONALLY IDENTIFIABLE INFORMATION], ,[MAY CONTAIN PERSONALLY IDENTIFIABLE INFORMATION], ,Milpitas, ,CA ,[MAY CONTAIN PERSONALLY IDENTIFIABLE INFORMATION], ,Highway / Freeway,Dry,"Other, see Narrative",65, ,Daylight,Y, , , , , , , ,,"Other, see Narrative",No Injuries Reported,No,"Other, see Narrative",Not Applicable,Not Applicable, , , , , , , , , , ,Y,Proceeding Straight,No,No,Yes,58, , , , , , , ,Y, , , , ,Y, ,Y, ,Y, , , ,No,, ,No,, ,, ,, ,Yes, ,"On September [XXX], 2023, preparing to enter the [XXX] while traveling northbound on the [XXX] in Milpitas, California, a Pony.ai autonomous vehicle (""AV"") collided with road debris while operating in supervised autonomous (""Drivered"") mode. Immediately prior to the incident, the AV safety driver noticed a flat item in the center part of the AV's lane of travel. The AV safety driver disengaged from autonomous mode and attempted to dodge the debris. However, the debris made contact with the rear bumper, slightly damaging it. Following the collision, the AV safety driver promptly drove the AV to Pony.ai's Fremont facility. There were no injuries reported.",
30270-6341,1,Waymo LLC,Monthly,8,2023,SEP-2023,SADHW2S12M1, ,N/A,Jaguar,I-Pace, ,2021, ,4695a335f999808,,Y,None,5th Generation ADS, , ,5th Generation, , ,Version 8, , ,, ,Y,,, ,Y,Yes (specify below),"CA DMV, CA PUC",Yes,ADS,Waymo LLC, ,Y,Y, , , , , ,,AUG-2023, ,AUG-2023,18:11, ,5e644a30ee794ee,[MAY CONTAIN PERSONALLY IDENTIFIABLE INFORMATION], ,[MAY CONTAIN PERSONALLY IDENTIFIABLE INFORMATION], ,[MAY CONTAIN PERSONALLY IDENTIFIABLE INFORMATION], ,San Francisco, ,CA ,[MAY CONTAIN PERSONALLY IDENTIFIABLE INFORMATION], ,Street,Dry,Traffic Incident,0, ,Daylight,Y, , , , , , , ,,"Other, see Narrative",No Injuries Reported,Yes,"Other, see Narrative",No,No, , , , , , , ,Y, , , ,Stopped,No,No,No Passengers in Vehicle,0, , , , , , , , , , , ,Y, , ,Y, ,Y,Y, , ,No,, ,Yes,, ,, ,, ,Yes, ,"On August [XXX], 2023, Waymo received notice of an allegation that a Waymo Autonomous Vehicle (""Waymo AV"")  contributed to a low-speed collision between a fire engine and an SUV on [XXX] at [XXX].
On August [XXX], 2023 at 6:11 PM PT, a Waymo AV operating in San Francisco, California was stopped at a red light in the dedicated left turn lane on the left side of northeast-bound [XXX] at the intersection with [XXX]. While the light was red, a fire engine approached the Waymo AV from behind and the Waymo AV moved forward as far as possible before entering the intersection at [XXX]. After the light turned green and as the Waymo AV was calculating a path into the intersection to clear the way, the fire engine maneuvered around the Waymo AV on the right side. During this maneuver, the right side of the fire engine appears to have made contact with the front left corner of an SUV that was stopped in the through lane to the right of the Waymo AV. The fire engine then proceeded through the intersection, and shortly afterwards, another fire engine and a fire department SUV passed on the left side the Waymo AV of the stopped Waymo AV. The Waymo AV then proceeded through the intersection.
At the time of the collision, the Waymo AV's Level 4 ADS was engaged in autonomous mode. The SUV sustained damage.
Waymo is reporting this crash under Request No. 2 of Standing General Order 2021-01. Waymo may supplement or correct its reporting with additional information as it may become available.",
30270-6339,1,Waymo LLC,Monthly,8,2023,SEP-2023,SADHW2S15M1, ,N/A,Jaguar,I-Pace, ,2021, ,d1bf148fd6c821c,97990, ,In-Vehicle (Commercial / Test),5th Generation ADS, , ,5th Generation, , ,Version 8, , ,Transdev Alternative Services, , ,,, ,Y,Yes (specify below),"CA DMV, CA PUC",Yes,ADS,Waymo LLC, , ,Y, , , , , ,,AUG-2023, ,AUG-2023,19:38, ,467edb2f2766c58,[MAY CONTAIN PERSONALLY IDENTIFIABLE INFORMATION], ,[MAY CONTAIN PERSONALLY IDENTIFIABLE INFORMATION], ,[MAY CONTAIN PERSONALLY IDENTIFIABLE INFORMATION], ,Los Angeles, ,CA ,[MAY CONTAIN PERSONALLY IDENTIFIABLE INFORMATION], ,Street,Dry,No Unusual Conditions,25, ,Dawn / Dusk,Y, , , , , , , ,,"Other, see Narrative",No Injuries Reported,Yes,"Other, see Narrative",Not Applicable,Not Applicable, , , , , , , , , , ,Y,Parking Maneuver,No,No,No Passengers in Vehicle,7, , , , , , ,Y, , , , , , , ,Y, ,Y,Y, , ,No,, ,Yes,, ,, ,, ,Yes, ,"On August [XXX], 2023 at 7:38 PM PT a Waymo Autonomous Vehicle (""Waymo AV"") operating in Los Angeles, California was in a collision involving a recycling bin on [XXX] at [XXX]. 
The Waymo AV was pulling over to the right side of the road, when the test driver transitioned to manual mode and made contact with a recycling bin on the right side of the street. At the time of the impact, the Waymo AV's Level 4 ADS was not engaged and a test driver was operating the Waymo AV in manual mode. The Waymo AV sustained damage. 
Waymo is reporting this crash under Request No. 2 of Standing General Order 2021-01. Waymo may supplement or correct its reporting with additional information as it may become available.",
30450-6116,1,Ghost Autonomy Inc.,Monthly,8,2023,AUG-2023,4T1BF1FK3HU, ,n/a,Toyota,Camry, ,2017, ,654f893a817f30a,75322, ,In-Vehicle (Commercial / Test),"[REDACTED, MAY CONTAIN CONFIDENTIAL BUSINESS INFORMATION]", ,Y,"[REDACTED, MAY CONTAIN CONFIDENTIAL BUSINESS INFORMATION]", ,Y,"[REDACTED, MAY CONTAIN CONFIDENTIAL BUSINESS INFORMATION]", ,Y,,Y, ,,, ,Y,Yes (specify below),California,Yes,"Unknown, see Narrative",Ghost Autonomy Inc., , , , , ,Y, , ,,AUG-2023, ,AUG-2023,14:20, ,aeab14bf24ea3b8,[MAY CONTAIN PERSONALLY IDENTIFIABLE INFORMATION], ,[MAY CONTAIN PERSONALLY IDENTIFIABLE INFORMATION], ,[MAY CONTAIN PERSONALLY IDENTIFIABLE INFORMATION], ,Sunol, ,CA ,[MAY CONTAIN PERSONALLY IDENTIFIABLE INFORMATION], ,Highway / Freeway,Dry,Traffic Incident,65, ,Daylight,Y, , , , , , , ,,"Other, see Narrative",No Injuries Reported,Yes,"Other, see Narrative",Unknown,Unknown, , , , , , , , , , ,Y,Stopped,No,No,Yes,55, , , , ,Y, , , , , , , , , ,Y, ,Y, , , ,No,, ,No,, ,, ,, ,Yes, ,"A Ghost autonomous vehicle was hit by crash debris while traveling on [XXX].  The Ghost vehicle neither hit nor was hit by another vehicle.  The Ghost car was traveling in AV mode with two safety drivers.  Traffic slowed quickly, apparently due to a crash ahead of the Ghost car.  Consistent with their training, the Ghost driver took control of the car by manually braking and disengaging the autonomous system.  The car was traveling 55.3 mph when the driver began to brake.  The Ghost car stopped without impacting the preceding car.  A Mercedes car immediately following the Ghost car also came to a stop without impacting the Ghost car.  Ghost's understanding based on communications at the scene is that a Grand Cherokee traveling behind the Mercedes tried to swerve to avoid impacting the Mercedes but clipped the Mercedes and rolled over.  To Ghost's knowledge, nobody in the Grand Cherokee was injured.  The Ghost drivers heard a noise and then found that the rear bumper of the Ghost car had been damaged, which Ghost believes resulted from crash debris. The Ghost drivers drove the Ghost car back to the garage in conventional mode.",
540-6073,1,"General Motors, LLC",Monthly,7,2023,AUG-2023,5G21A6P05P4, ,N/A,Cruise,AV, ,2023, ,2cedb48a4023a1b,2753, ,Remote (Commercial / Test),,Y, ,,Y, ,,Y, ,Cruise LLC, , ,,, ,Y,Yes (specify below),CA,Yes,ADS,Cruise LLC, , ,Y, ,Y, , , ,,JUL-2023, ,AUG-2023,10:47, ,71e0dfa7bd9967b,[MAY CONTAIN PERSONALLY IDENTIFIABLE INFORMATION], ,[MAY CONTAIN PERSONALLY IDENTIFIABLE INFORMATION], ,[MAY CONTAIN PERSONALLY IDENTIFIABLE INFORMATION], ,San Francisco, ,CA ,[MAY CONTAIN PERSONALLY IDENTIFIABLE INFORMATION], ,Street,Dry,No Unusual Conditions,25, ,Daylight,Y, , , , , , , ,,"Other, see Narrative",No Injuries Reported,Yes,"Other, see Narrative",Not Applicable,Not Applicable, , , , , , , , , , ,Y,Backing,No,No,No Passengers in Vehicle,2, , , , , , , ,Y, , , , ,Y, ,Y, ,Y,Y, , ,No,, ,Yes,, ,, ,, ,"Unknown, see Narrative", ,"On August 11, 2023, GM Cruise Holdings LLC (""Cruise"") filed an Incident Report (the ""Report"") under the Second Amended Standing General Order 2021-01, dated April 5, 2023 (the ""Order"") General Motors LLC (GM) manufactured the Cruise-operated motor vehicle involved in the incident summarized in the Incident Report. Because GM is also a Reporting Entity under the Order, GM is submitting a duplicate of the redacted public copy of the Report. GM has selected ""Unknown"" in the ""ADS version"" and ""ODD time"" fields solely to avoid a second submission of nonpublic Cruise CBI GM is in possession of Cruise's responses to these fields, and incorporates Cruise's responses into this submission by reference. GM's submission is based on facts supplied to GM by Cruise. GM has not investigated the alleged incident and currently believes, based on a reasonable inquiry, that it has no independent knowledge of the facts in the Report. (Reference file: 30412-6041-1).",