Report ID,Report Version,Reporting Entity,Report Type,Report Month,Report Year,Report Submission Date,VIN,VIN - Unknown,Serial Number,Make,Model,Model - Unknown,Model Year,Model Year - Unknown,Same Vehicle ID,Mileage,Mileage - Unknown,Driver / Operator Type,ADAS/ADS System Version,ADAS/ADS System Version - Unk,ADAS/ADS System Version CBI,ADAS/ADS Hardware Version,ADAS/ADS Hardware Version - Unk,ADAS/ADS Hardware Version CBI,ADAS/ADS Software Version,ADAS/ADS Software Version - Unk,ADAS/ADS Software Version CBI,Other Reporting Entities?,Other Reporting Entities? - Unk,Other Reporting Entities? - NA,Federal Regulatory Exemption?,Other Federal Reg. Exemption,Federal Reg. Exemption - Unk,Federal Reg. Exemption - No,State or Local Permit?,State or Local Permit,ADS Equipped?,Automation System Engaged?,Operating Entity,Operating Entity - Unknown,Source - Complaint/Claim,Source - Telematics,Source - Law Enforcement,Source - Field Report,Source - Testing,Source - Media,Source - Other,Source - Other Text,Incident Date,Incident Date - Unknown,Notice Received Date,Incident Time (24:00),Incident Time - Unknown,Same Incident ID,Latitude,Latitude - Unknown,Longitude,Longitude - Unknown,Address,Address - Unknown,City,City - Unknown,State,Zip Code,Zip Code - Unknown,Roadway Type,Roadway Surface,Roadway Description,Posted Speed Limit (MPH),Posted Speed Limit - Unknown,Lighting,Weather - Clear,Weather - Snow,Weather - Cloudy,Weather - Fog/Smoke,Weather - Rain,Weather - Severe Wind,Weather - Unknown,Weather - Other,Weather - Other Text,Crash With,Highest Injury Severity Alleged,Property Damage?,CP Pre-Crash Movement,CP Any Air Bags Deployed?,CP Was Vehicle Towed?,CP Contact Area - Rear Left,CP Contact Area - Left,CP Contact Area - Front Left,CP Contact Area - Rear,CP Contact Area - Top,CP Contact Area - Front,CP Contact Area - Rear Right,CP Contact Area - Right,CP Contact Area - Front Right,CP Contact Area - Bottom,CP Contact Area - Unknown,SV Pre-Crash Movement,SV Any Air Bags Deployed?,SV Was Vehicle Towed?,SV Were All Passengers Belted?,SV Precrash Speed (MPH),SV Pre-crash Speed - Unknown,SV Contact Area - Rear Left,SV Contact Area - Left,SV Contact Area - Front Left,SV Contact Area - Rear,SV Contact Area - Top,SV Contact Area - Front,SV Contact Area - Rear Right,SV Contact Area - Right,SV Contact Area - Front Right,SV Contact Area - Bottom,SV Contact Area - Unknown,Data Availability - EDR,Data Availability - Police Rpt,Data Availability - Telematics,Data Availability - Complaints,Data Availability - Video,Data Availability - Other,Data Availability - No Data,Data Availability - Unknown,Law Enforcement Investigating?,Investigating Agency,Investigating Agency - Unknown,Rep Ent Or Mfr Investigating?,Investigating Officer Name,Inv. Officer Name - Unknown,Investigating Officer Phone,Inv. Officer Phone - Unknown,Investigating Officer Email,Inv. Officer Email - Unknown,Within ODD?,Within ODD? - CBI,Narrative,Narrative - CBI?
30270-4274,1,Waymo LLC,Monthly,10,2022,NOV-2022,SADHW2S18M1, ,N/A,Jaguar,I-Pace, ,2021, ,4a17d6b39e90898,28333, ,In-Vehicle (Commercial / Test),5th Generation ADS, , ,, , ,, , ,, , ,,, , ,,,Yes,ADS,Waymo LLC, , ,Y, , , , , ,,OCT-2022, ,OCT-2022,08:27, ,27528ff2c99e583,[MAY CONTAIN PERSONALLY IDENTIFIABLE INFORMATION], ,[MAY CONTAIN PERSONALLY IDENTIFIABLE INFORMATION], ,[MAY CONTAIN PERSONALLY IDENTIFIABLE INFORMATION], ,San Francisco, ,CA ,[MAY CONTAIN PERSONALLY IDENTIFIABLE INFORMATION], ,Intersection,Dry,No Unusual Conditions,15, ,Daylight,Y, , , , , , , ,,"Other, see Narrative",No Injuries Reported,Yes,"Other, see Narrative",Not Applicable,Not Applicable, , , , , , , , , , ,Y,Making Right Turn,No,No,Yes,6, , , , , , , , , , ,Y, , , ,Y, ,Y,Y, , ,No,, ,Yes,, ,, ,, ,Yes, ,"On October [XXX], 2022 at 8:27 AM PST a Waymo Autonomous Vehicle (Waymo AV) operating in San Francisco, California made contact with the pavement on a steep hill on [XXX] at [XXX].
The Waymo AV was on a steep hill, turning from [XXX] onto [XXX], when the Waymo AV's undercarriage made contact with the pavement (the AV did not contact any vehicle or road user). At the time of the impact, the Waymo AVs Level 4 ADS was engaged in autonomous mode, and a test driver was present (in the drivers seating position). The Waymo AV sustained damage.
Waymo is reporting this crash under Request No. 2 of Standing General Order 2021-01. Waymo may supplement or correct its reporting with additional information as it may become available.",
30531-3660,1,Transdev Alternative Services,Monthly,7,2022,AUG-2022,SADHW2S13M1, ,N/A,Jaguar,I-Pace, ,2021, ,ec3bbd986bcba9a,,Y,In-Vehicle (Commercial / Test),5th Generation ADS, , ,, , ,, , ,, , ,,, , ,,,Yes,ADS,Waymo LLC, ,Y, , , , , , ,,JUN-2022, ,JUL-2022,16:50, ,8c56b788577d262,[MAY CONTAIN PERSONALLY IDENTIFIABLE INFORMATION], ,[MAY CONTAIN PERSONALLY IDENTIFIABLE INFORMATION], ,[MAY CONTAIN PERSONALLY IDENTIFIABLE INFORMATION], ,San Francisco, ,CA ,[MAY CONTAIN PERSONALLY IDENTIFIABLE INFORMATION], ,Intersection,Dry,No Unusual Conditions,35, ,Daylight,Y, , , , , , , ,,"Other, see Narrative",Minor,Unknown,"Other, see Narrative",No,No, , , , , , , , , , ,Y,"Other, see Narrative",No,No,Yes,18, , , , , , , , , , , ,Y, , ,Y, ,Y,Y, , ,No,, ,Yes,, ,, ,, ,Yes, ,"On June [XXX], 2022 at approximately 4:50 PM PST a Waymo Autonomous Vehicle (Waymo AV) operating in San Francisco, California allegedly contributed to a collision between a passenger vehicle and a pickup truck on [XXX] at [XXX], according to a claim by the driver of the passenger vehicle.
The Waymo AV was in autonomous mode and preparing to enter southbound [XXX] as a passenger vehicle on [XXX] approached from behind.  A pickup truck was traveling next to the passenger vehicle in the adjacent left lane.  As the passenger vehicle approached the Waymo AV from behind, the passenger vehicle entered the adjacent left lane that was occupied by the pickup truck and maneuvered around the Waymo AV.  The pickup truck proceeded without stopping, and the passenger vehicle's driver shortly after signaled to the Waymo AV test driver to pull over.  The Waymo AV test driver then transitioned to manual mode and pulled over.  Transdev has no data or knowledge of any contact between any of the three vehicles.  There was no contact or collision between the Waymo AV and any other vehicle.  However, the driver and passenger in the passenger vehicle have subsequently alleged injuries based on alleged contact between the pick-up truck and passenger vehicle, which contact their allegations attribute to the behavior of Waymo's AV in a bodily injury claim under Waymo's insurance policy.  Waymo received notice of this insurance claim on July [XXX].
Transdev Alternative Services is reporting this event under Request No. 2 of Standing General Order 2021-01.  Transdev may supplement or correct its reporting with additional information as it may become available.  This report is a duplicate of 30270-3655-1.",
30270-3655,1,Waymo LLC,Monthly,7,2022,AUG-2022,SADHW2S13M1, ,N/A,Jaguar,I-Pace, ,2021, ,ec3bbd986bcba9a,,Y,In-Vehicle (Commercial / Test),5th Generation ADS, , ,, , ,, , ,, , ,,, , ,,,Yes,ADS,Waymo LLC, ,Y, , , , , , ,,JUN-2022, ,JUL-2022,16:50, ,8c56b788577d262,[MAY CONTAIN PERSONALLY IDENTIFIABLE INFORMATION], ,[MAY CONTAIN PERSONALLY IDENTIFIABLE INFORMATION], ,[MAY CONTAIN PERSONALLY IDENTIFIABLE INFORMATION], ,San Francisco, ,CA ,[MAY CONTAIN PERSONALLY IDENTIFIABLE INFORMATION], ,Intersection,Dry,No Unusual Conditions,35, ,Daylight,Y, , , , , , , ,,"Other, see Narrative",Minor,Unknown,"Other, see Narrative",No,No, , , , , , , , , , ,Y,"Other, see Narrative",No,No,Yes,18, , , , , , , , , , , ,Y, , ,Y, ,Y,Y, , ,No,, ,Yes,, ,, ,, ,Yes, ,"On June [XXX], 2022 at approximately 4:50 PM PST a Waymo Autonomous Vehicle (Waymo AV) operating in San Francisco, California allegedly contributed to a collision between a passenger vehicle and a pickup truck on [XXX] at [XXX], according to a claim by the driver of the passenger vehicle. 
The Waymo AV was in autonomous mode and preparing to enter southbound [XXX] via the slip lane at southbound [XXX]. The Waymo AV proceeded to merge onto [XXX] as a passenger vehicle on [XXX] approached from behind. A pickup truck was traveling next to the passenger vehicle in the adjacent left lane. As the passenger vehicle approached the Waymo AV from behind, the passenger vehicle entered the adjacent left lane that was occupied by the pickup truck and maneuvered around the Waymo AV. The pickup truck proceeded without stopping, and the passenger vehicles driver shortly after signaled to the Waymo AV test driver to pull over. The Waymo AV test driver then transitioned to manual mode and pulled over. Waymo has no data or knowledge of any contact between any of the three vehicles. There was no contact or collision between the Waymo AV and any other vehicle. However, the driver and passenger in the passenger vehicle have subsequently alleged injuries based on alleged contact between the pick-up truck and passenger vehicle, which contact their allegations attribute to the behavior of Waymos AV in a bodily injury claim under Waymos insurance policy.  Waymo received notice of this insurance claim on July [XXX].
Waymo is reporting this event under Request No. 2 of Standing General Order 2021-01. Waymo may supplement or correct its reporting with additional information as it may become available. This report was submitted from the Eastern time zone on the required date.",
540-3647,1,"General Motors, LLC",Monthly,7,2022,AUG-2022,5G21A6P08L4, ,N/A,Cruise,AV, ,2020, ,5fa6469be776c73,36885, ,Remote (Commercial / Test),,Y, ,, , ,, , ,, , ,,, , ,,,Yes,ADS,Cruise LLC, , ,Y, ,Y, , , ,,JUL-2022, ,JUL-2022,00:27, ,840c1edd23883ed,[MAY CONTAIN PERSONALLY IDENTIFIABLE INFORMATION], ,[MAY CONTAIN PERSONALLY IDENTIFIABLE INFORMATION], ,[MAY CONTAIN PERSONALLY IDENTIFIABLE INFORMATION], ,San Francisco, ,CA ,[MAY CONTAIN PERSONALLY IDENTIFIABLE INFORMATION], ,Street,Wet,No Unusual Conditions,25, ,Dark - Lighted, , , , ,Y, , , ,,"Other, see Narrative",No Injuries Reported,Yes,Proceeding Straight,No,No, , , , , , , , , , ,Y,Stopped,No,No,No Passengers in Vehicle,0, , , , , , , , , , , ,Y,Y, ,Y, ,Y,Y, , ,Unknown,,Y,No,,Y,,Y,,Y,"Unknown, see Narrative", ,"On August [XXX], GM Cruise Holdings LLC (""Cruise"") filed an Incident Report (the ""Report"") under the Standing General Order 2021-01 dated June 29, 2021 (the ""Order""). General Motors LLC (GM) manufactured the Cruise-operated motor vehicle involved in the incident summarized in the Incident Report. Because GM is also a Reporting Entity under the Order, GM is submitting a duplicate of the redacted public copy of the Report. GM has selected ""Unknown"" in the ""ADS version"" and ""ODD time"" fields solely to avoid a second submission of nonpublic Cruise CBI GM is in possession of Cruise's responses to these fields, and incorporates Cruise's responses into this submission by reference. GM's submission is based on facts supplied to GM by Cruise. GM has not investigated the alleged incident and currently believes, based on a reasonable inquiry, that it has no independent knowledge of the facts in the Report. (Reference file: 30412-3584-1)",
30412-3584,1,Cruise LLC,Monthly,7,2022,AUG-2022,5G21A6P08L4, ,N/A,Cruise,AV, ,2020, ,5fa6469be776c73,36885, ,Remote (Commercial / Test),"[REDACTED, MAY CONTAIN CONFIDENTIAL BUSINESS INFORMATION]", ,Y,, , ,, , ,, , ,,, , ,,,Yes,ADS,Cruise LLC, , ,Y, ,Y, , , ,,JUL-2022, ,JUL-2022,00:27, ,840c1edd23883ed,[MAY CONTAIN PERSONALLY IDENTIFIABLE INFORMATION], ,[MAY CONTAIN PERSONALLY IDENTIFIABLE INFORMATION], ,[MAY CONTAIN PERSONALLY IDENTIFIABLE INFORMATION], ,San Francisco, ,CA ,[MAY CONTAIN PERSONALLY IDENTIFIABLE INFORMATION], ,Street,Wet,No Unusual Conditions,25, ,Dark - Lighted, , , , ,Y, , , ,,"Other, see Narrative",No Injuries Reported,Yes,Proceeding Straight,No,No, , , , , , , , , , ,Y,Stopped,No,No,No Passengers in Vehicle,0, , , , , , , , , , , ,Y,Y, ,Y, ,Y,Y, , ,Unknown,,Y,No,,Y,,Y,,Y,"[REDACTED, MAY CONTAIN CONFIDENTIAL BUSINESS INFORMATION]",Y,"Cruise is submitting 30412-3584-1 after an allegation was made that a Cruise autonomous vehicle contributed to another vehicle's impact with another road user. A Cruise autonomous vehicle (""""Cruise AV""""), operating in driverless autonomous mode, was traveling southbound on [XXX] between [XXX] and [XXX]. The Cruise AV detected rain and pulled over to the right curb side on [XXX] to complete a safety stop. Two vehicles behind the Cruise AV came to a complete stop without impacting each other or the Cruise vehicle. Shortly thereafter, a third trailing vehicle began to break but made contact with the second vehicle, pushing it forward into the first vehicle. The third vehicle then reversed, traveled backward a few feet, and then proceeded forward again to make contact with the second vehicle again. There were no reported injuries. [REDACTED, MAY CONTAIN CONFIDENTIAL BUSINESS INFORMATION]",Y
30531-3256,2,Transdev Alternative Services,10-Day Update,,,JUL-2022,SADHW2S16M1, ,N/A,Jaguar,I-Pace, ,2021, ,ef101729afc1d68,26479, ,In-Vehicle (Commercial / Test),5th Generation ADS, , ,, , ,, , ,, , ,,, , ,,,Yes,ADS,Waymo LLC, , ,Y, , , , , ,,JUN-2022, ,JUN-2022,12:50, ,729291cbc185f73,[MAY CONTAIN PERSONALLY IDENTIFIABLE INFORMATION], ,[MAY CONTAIN PERSONALLY IDENTIFIABLE INFORMATION], ,[MAY CONTAIN PERSONALLY IDENTIFIABLE INFORMATION], ,San Francisco, ,CA ,[MAY CONTAIN PERSONALLY IDENTIFIABLE INFORMATION], ,Parking Lot,Dry,No Unusual Conditions,25, ,Daylight,Y, , , , , , , ,,"Other, see Narrative",No Injuries Reported,Yes,"Other, see Narrative",Not Applicable,Not Applicable, , , , , , , , , , ,Y,Proceeding Straight,No,Yes,Yes,9, , , , , , , , , , ,Y, , , ,Y, ,Y,Y, , ,No,, ,Yes,, ,, ,, ,Yes, ,"A Waymo Autonomous Vehicle (""Waymo AV"") operating in San Francisco, CA made contact with a parking lot driveway.
The Waymo AV approached a parking lot. As the Waymo AV turned left and into the parking lot, the Waymo AV's undercarriage made contact with the driveway pavement (the AV did no contact any vehicle or road user). At the time of the contact, the Waymo AV's Level 4 ADS was engaged in autonomous mode, and a test driver was present (in the driver's seating position). The Waymo AV sustained minor undercarriage damage.
Transdev Alternative Services is reporting this crash under Request No. 1 of Standing General Order 2021-01 because a vehicle involved was towed away.  Transdev may supplement or correct its reporting with additional information as it may become available.  This report is a duplicate of WaymoLLC-[XXX].",
30270-3255,2,Waymo LLC,10-Day Update,,,JUL-2022,SADHW2S16M1, ,N/A,Jaguar,I-Pace, ,2021, ,ef101729afc1d68,26479, ,In-Vehicle (Commercial / Test),5th Generation ADS, , ,, , ,, , ,, , ,,, , ,,,Yes,ADS,Waymo LLC, , ,Y, , , , , ,,JUN-2022, ,JUN-2022,12:50, ,729291cbc185f73,[MAY CONTAIN PERSONALLY IDENTIFIABLE INFORMATION], ,[MAY CONTAIN PERSONALLY IDENTIFIABLE INFORMATION], ,[MAY CONTAIN PERSONALLY IDENTIFIABLE INFORMATION], ,San Francisco, ,CA ,[MAY CONTAIN PERSONALLY IDENTIFIABLE INFORMATION], ,Parking Lot,Dry,No Unusual Conditions,25, ,Daylight,Y, , , , , , , ,,"Other, see Narrative",No Injuries Reported,Yes,"Other, see Narrative",Not Applicable,Not Applicable, , , , , , , , , , ,Y,Proceeding Straight,No,Yes,Yes,9, , , , , , , , , , ,Y, , , ,Y, ,Y,Y, , ,No,, ,Yes,, ,, ,, ,Yes, ," A Waymo Autonomous Vehicle (""Waymo AV"") operating in San Francisco, CA made contact with a parking lot driveway.
The Waymo AV approached a parking lot on [XXX] A Waymo Autonomous Vehicle (""Waymo AV"") operating in San Francisco, CA made contact with a parking lot driveway.
The Waymo AV approached a parking lot on [XXX] between [XXX] and [XXX]. As the Waymo AV turned left and into the parking lot, the Waymo AV's undercarriage made contact with the driveway pavement (the AV did not contact any vehicle or road user). At the time of the contact, the Waymo AV's Level 4 ADS was engaged in autonomous mode, and a test driver was present (in the driver's seating position). The Waymo AV sustained minor undercarriage damage.
Waymo is reporting this crash under Request No. 1 of Standing General Order 2021-01 because a vehicle involved was towed away. Waymo may supplement or correct its reporting with additional information as it may become available. This report was submitted from the Pacific time zone on the required date.",
30531-3256,1,Transdev Alternative Services,1-Day,,,JUN-2022,SADHW2S16M1, ,N/A,Jaguar,I-Pace, ,2021, ,ef101729afc1d68,,Y,In-Vehicle (Commercial / Test),5th Generation ADS, , ,, , ,, , ,, , ,,, , ,,,Yes,ADS,Waymo LLC, , ,Y, , , , , ,,JUN-2022, ,JUN-2022,,Y,729291cbc185f73,,Y,,Y,[MAY CONTAIN PERSONALLY IDENTIFIABLE INFORMATION], ,San Francisco, ,CA ,[MAY CONTAIN PERSONALLY IDENTIFIABLE INFORMATION], ,Parking Lot,Dry,No Unusual Conditions,,Y,Daylight,Y, , , , , , , ,,"Other, see Narrative",No Injuries Reported,Yes,"Other, see Narrative",Not Applicable,Not Applicable, , , , , , , , , , ,Y,Proceeding Straight,No,Yes,Yes,,Y, , , , , , , , , ,Y, , , ,Y, ,Y,Y, , ,No,, ,Yes,, ,, ,, ,Yes, ,"A Waymo Autonomous Vehicle (""Waymo AV"") operating in San Francisco, CA made contact with a parking lot driveway.
The Waymo AV approached a parking lot. As the Waymo AV turned left and into the parking lot, the Waymo AV's undercarriage made contact with the driveway pavement (the AV did no contact any vehicle or road user). At the time of the contact, the Waymo AV's Level 4 ADS was engaged in autonomous mode, and a test driver was present (in the driver's seating position). The Waymo AV sustained minor undercarriage damage.
Transdev Alternative Services is reporting this crash under Request No. 1 of Standing General Order 2021-01 because a vehicle involved was towed away.  Transdev may supplement or correct its reporting with additional information as it may become available.  This report is a duplicate of WaymoLLC-[XXX]).",
30270-3255,1,Waymo LLC,1-Day,,,JUN-2022,SADHW2S16M1, ,N/A,Jaguar,I-Pace, ,2021, ,ef101729afc1d68,,Y,In-Vehicle (Commercial / Test),5th Generation ADS, , ,, , ,, , ,, , ,,, , ,,,Yes,ADS,Waymo LLC, , ,Y, , , , , ,,JUN-2022, ,JUN-2022,,Y,729291cbc185f73,,Y,,Y,[MAY CONTAIN PERSONALLY IDENTIFIABLE INFORMATION], ,San Francisco, ,CA ,[MAY CONTAIN PERSONALLY IDENTIFIABLE INFORMATION], ,Parking Lot,Dry,No Unusual Conditions,,Y,Daylight,Y, , , , , , , ,,"Other, see Narrative",No Injuries Reported,Yes,"Other, see Narrative",Not Applicable,Not Applicable, , , , , , , , , , ,Y,Proceeding Straight,No,Yes,Yes,,Y, , , , , , , , , ,Y, , , ,Y, ,Y,Y, , ,No,, ,Yes,, ,, ,, ,Yes, ,"A Waymo Autonomous Vehicle (Waymo AV) operating in San Francisco, CA made contact with a parking lot driveway.
The Waymo AV approached a parking lot. As the Waymo AV turned left and into the parking lot, the Waymo AVs undercarriage made contact with the driveway pavement (the AV did not contact any vehicle or road user). At the time of the contact, the Waymo AVs Level 4 ADS was engaged in autonomous mode, and a test driver was present (in the drivers seating position). The Waymo AV sustained minor undercarriage damage.
Waymo is reporting this crash under Request No. 1 of Standing General Order 2021-01 because a vehicle involved was towed away. Waymo may supplement or correct its reporting with additional information as it may become available. This report was submitted from the Pacific time zone on the required date.",
30270-2793,2,Waymo LLC,10-Day Update,,,APR-2022,SADHW2S17M1, ,N/A,Jaguar,I-Pace, ,2021, ,fcd7d30508e9fce,9310, ,In-Vehicle (Commercial / Test),5th Generation ADS, , ,, , ,, , ,, , ,,, , ,,,Yes,ADS,Waymo LLC, , ,Y, , , , , ,,APR-2022, ,APR-2022,02:31, ,005df94ebd26d4e,[MAY CONTAIN PERSONALLY IDENTIFIABLE INFORMATION], ,[MAY CONTAIN PERSONALLY IDENTIFIABLE INFORMATION], ,[MAY CONTAIN PERSONALLY IDENTIFIABLE INFORMATION], ,San Francisco, ,CA ,[MAY CONTAIN PERSONALLY IDENTIFIABLE INFORMATION], ,Parking Lot,Dry,No Unusual Conditions,25, ,Dark - Lighted,Y, , , , , , , ,,"Other, see Narrative",No Injuries Reported,Yes,"Other, see Narrative",Not Applicable,Not Applicable, , , , , , , , , , ,Y,Making Left Turn,No,Yes,Yes,9, , , , , , , , , , ,Y, , , ,Y, ,Y,Y, , ,No,, ,Yes,, ,, ,, ,Yes, ,"Other than the updated time zone of submission, the content of this report is unchanged from the initial report submitted on April [XXX], 2022 [Report ID # 30270-2793-1]. 
On April [XXX], 2022 at 2:31 AM PST a Waymo Autonomous Vehicle ('Waymo AV') operating in San Francisco, CA made contact with a parking lot driveway on the 200 block of [XXX]. 
The Waymo AV was traveling westbound on [XXX] in autonomous mode when it approached a parking lot on the left side of the street. As the Waymo AV turned left and into the parking lot, the Waymo AV's undercarriage made contact with the driveway pavement (the AV did not contact any vehicle or road user). At the time of the contact, the Waymo AV's Level 4 ADS was engaged in autonomous mode, and a test driver was present (in the driver's seating position). The Waymo AV sustained minor undercarriage damage.
Waymo is reporting this crash under Request No. 1 of Standing General Order 2021-01 because a vehicle involved was towed away. Waymo may supplement or correct its reporting with additional information as it may become available. This report was submitted from the Pacific time zone on the required date.",
30270-2793,1,Waymo LLC,1-Day,,,APR-2022,SADHW2S17M1, ,N/A,Jaguar,I-Pace, ,2021, ,fcd7d30508e9fce,9310, ,In-Vehicle (Commercial / Test),5th Generation ADS, , ,, , ,, , ,, , ,,, , ,,,Yes,ADS,Waymo LLC, , ,Y, , , , , ,,APR-2022, ,APR-2022,02:31, ,005df94ebd26d4e,[MAY CONTAIN PERSONALLY IDENTIFIABLE INFORMATION], ,[MAY CONTAIN PERSONALLY IDENTIFIABLE INFORMATION], ,[MAY CONTAIN PERSONALLY IDENTIFIABLE INFORMATION], ,San Francisco, ,CA ,[MAY CONTAIN PERSONALLY IDENTIFIABLE INFORMATION], ,Parking Lot,Dry,No Unusual Conditions,25, ,Dark - Lighted,Y, , , , , , , ,,"Other, see Narrative",No Injuries Reported,Yes,"Other, see Narrative",Not Applicable,Not Applicable, , , , , , , , , , ,Y,Making Left Turn,No,Yes,Yes,9, , , , , , , , , , ,Y, , , ,Y, ,Y,Y, , ,No,, ,Yes,, ,, ,, ,Yes, ,"On April [XXX], 2022 at 2:31 AM PST a Waymo Autonomous Vehicle ('Waymo AV') operating in San Francisco, CA made contact with a parking lot driveway on the 200 block of [XXX]. 
The Waymo AV was traveling westbound on [XXX] in autonomous mode when it approached a parking lot on the left side of the street. As the Waymo AV turned left and into the parking lot, the Waymo AV's undercarriage made contact with the driveway pavement (the AV did not contact any vehicle or road user). At the time of the contact, the Waymo AV's Level 4 ADS was engaged in autonomous mode, and a test driver was present (in the driver's seating position). The Waymo AV sustained minor undercarriage damage.
Waymo is reporting this crash under Request No. 1 of Standing General Order 2021-01 because a vehicle involved was towed away. Waymo may supplement or correct its reporting with additional information as it may become available. This report was submitted from the Central time zone on the required date.",
30711-2666,1,Pony.ai,Monthly,4,2022,APR-2022,KM8K23AG2KU, ,N/A,Hyundai,Kona EV, ,2019, ,3c0a1911f17aec1,54796, ,In-Vehicle (Commercial / Test),L4, , ,, , ,, , ,, , ,,, , ,,,Yes,ADS,Pony.ai, , , , ,Y, , , ,,MAR-2022, ,MAR-2022,11:30, ,4b9badd8c2314e0,[MAY CONTAIN PERSONALLY IDENTIFIABLE INFORMATION], ,[MAY CONTAIN PERSONALLY IDENTIFIABLE INFORMATION], ,[MAY CONTAIN PERSONALLY IDENTIFIABLE INFORMATION], ,Tustin, ,CA ,[MAY CONTAIN PERSONALLY IDENTIFIABLE INFORMATION], ,Street,Wet,"Other, see Narrative",45, ,Daylight, , ,Y, ,Y, , , ,,"Other, see Narrative",No Injuries Reported,Yes,"Other, see Narrative",Not Applicable,Not Applicable, , , , , , , , , , ,Y,Proceeding Straight,No,No,Yes,23, , , , , , , , , ,Y, , , , ,Y, ,Y, , , ,No,, ,Yes,, ,, ,, ,Yes, ,"On March [XXX], 2022, while in supervised (""Drivered"") autonomous mode traveling eastbound in the right lane of [XXX] in Tustin, CA, a Pony.ai Autonomous Vehicle drove over a temporary sign that had previously fallen over and was lying flat on its side in the travel lane. The impact redirected the vehicle towards the curb. The Safety Operator took control, disengaging autonomous mode, braked, and steered the vehicle away from the direction of the curb. The right front tire scraped the right curb. The vehicle sustained minor damage to the right front strut and control arm. There were no injuries and no other vehicles involved. The Safety Operator drove the vehicle back to Pony.ai's Irvine facility. Explanation for ""Roadway Description"": There was a sign lying flat on its side in the travel lane. Explanation for ""Crash With"" Description: The subject vehicle's tire made contact with the right curb.",
855-2464,2,"Mercedes-Benz USA, LLC",10-Day Update,,,MAR-2022,W1KCG2EB8NA, ,N/A,Mercedes-Benz,EQS 450 4Matic, ,,Y,23b85ceefeb0e4d,58, ,In-Vehicle and Remote (Commercial / Test),"[REDACTED, MAY CONTAIN CONFIDENTIAL BUSINESS INFORMATION]", ,Y,, , ,, , ,, , ,,, , ,,,Yes,ADS,Mercedes-Benz, , , , , , , ,Y,Preparation of Demonstration,MAR-2022, ,MAR-2022,08:50, ,e0cdab99aaf1a1f,,Y,,Y,[MAY CONTAIN PERSONALLY IDENTIFIABLE INFORMATION], ,Los Angeles, ,CA ,[MAY CONTAIN PERSONALLY IDENTIFIABLE INFORMATION], ,Parking Lot,Dry,"Other, see Narrative",5, ,Daylight,Y, , , , , , , ,,"Other, see Narrative",Minor,Yes,Parked,No,No, , , ,Y, , , , , , , ,"Other, see Narrative",No,No,No Passengers in Vehicle,1, , , , , , ,Y, , , , , , , , , , , , ,Y,No,, ,Yes,, ,, ,, ,"[REDACTED, MAY CONTAIN CONFIDENTIAL BUSINESS INFORMATION]",Y,No additional information to report at this time.,
855-2464,1,"Mercedes-Benz USA, LLC",1-Day,,,MAR-2022,W1KCG2EB8NA, ,N/A,Mercedes-Benz,EQS 450 4Matic, ,,Y,23b85ceefeb0e4d,58, ,In-Vehicle and Remote (Commercial / Test),"[REDACTED, MAY CONTAIN CONFIDENTIAL BUSINESS INFORMATION]", ,Y,, , ,, , ,, , ,,, , ,,,Yes,ADS,Mercedes-Benz, , , , , , , ,Y,Preparation of Demonstration,MAR-2022, ,MAR-2022,08:50, ,e0cdab99aaf1a1f,,Y,,Y,[MAY CONTAIN PERSONALLY IDENTIFIABLE INFORMATION], ,Los Angeles, ,CA ,[MAY CONTAIN PERSONALLY IDENTIFIABLE INFORMATION], ,Parking Lot,Dry,"Other, see Narrative",5, ,Daylight,Y, , , , , , , ,,"Other, see Narrative",Minor,Yes,Parked,No,No, , , ,Y, , , , , , , ,"Other, see Narrative",No,No,No Passengers in Vehicle,1, , , , , , ,Y, , , , , , , , , , , , ,Y,No,, ,Yes,, ,, ,, ,"[REDACTED, MAY CONTAIN CONFIDENTIAL BUSINESS INFORMATION]",Y,"[REDACTED, MAY CONTAIN CONFIDENTIAL BUSINESS INFORMATION]",Y